001.png,1079.3224,595.67804,-86.15423,1100.0651,619.57904,-130.2053,1099.2394,625.5065,-130.64201,1098.3715,630.8399,-130.62845,1101.3018,611.87555,-68.06537,1101.932,612.5873,-68.948296,1102.9362,613.47626,-69.39801,1085.7423,666.80176,-210.39401,1095.0093,644.4056,68.23024,1045.5345,605.3537,-103.83715,1049.7427,594.7942,-27.487362,929.0687,716.8457,-275.3674,928.3495,615.58325,231.51613,927.97473,579.8214,-374.9061,906.21515,527.2001,412.19684,1057.8146,659.95245,-244.56532,1025.0951,601.2459,492.47498,1083.6545,680.13727,-265.03314,1069.5931,619.5647,507.32913,1078.5607,699.27686,-267.26184,1060.8646,639.81824,502.84348,1068.6252,692.59973,-242.14471,1042.0095,626.52625,486.18518,509.3576,668.23267,-145.98503,537.81104,601.8531,145.89206,273.66064,457.81052,-182.74193,319.70233,420.75735,112.516914,163.83438,668.4441,75.10916,219.94597,628.8526,333.9803,186.46445,716.094,106.29417,227.7288,681.8214,360.79254,48.18896,674.74097,76.38277,100.30603,648.96204,341.6724
002.png,931.4614,525.2273,101.81679,957.0899,520.5112,56.94325,960.15436,525.4935,56.324543,963.1301,529.96423,56.208527,955.13837,514.76526,124.989784,956.55896,514.9713,124.20873,958.1629,515.3386,123.70773,985.18604,563.3862,-61.993576,980.21075,554.5634,242.79568,917.57245,553.34595,64.325806,912.55066,546.16235,146.30464,894.7309,710.67596,-207.96931,884.41516,618.1625,364.5672,699.386,584.9612,-209.1779,734.1335,530.7825,333.83005,910.14343,568.93365,37.83464,895.6712,546.6363,60.709496,946.4391,565.0393,49.119312,942.336,533.8486,5.869899,953.8375,591.40393,37.392017,942.7838,548.9824,31.66087,940.03894,592.0266,46.228355,927.3966,558.25073,54.162308,553.0266,728.924,-179.27864,568.7169,651.6076,179.19566,295.85428,477.78516,-203.37166,382.21307,432.02997,90.42811,160.09598,693.8105,15.910957,206.69868,621.30774,251.8527,184.00417,743.77716,44.879765,223.15276,671.18164,270.16858,32.0065,703.89886,-7.395988,70.44763,664.9302,198.77988
003.png,531.8579,282.115,39.17169,546.436,278.8365,15.542015,547.8702,280.2887,15.23321,549.42584,281.28336,15.159908,546.4099,277.72064,53.036682,548.04224,278.4417,52.664867,550.0449,278.99673,52.395355,559.93945,298.0143,-45.1,561.02637,297.0732,122.96307,524.7049,294.12894,19.569302,522.88385,291.51263,65.155075,511.06384,375.51242,-128.8866,502.64658,328.088,189.3777,411.35187,312.54614,-127.597786,422.35468,283.03265,100.883514,516.08453,297.8402,23.310247,515.77966,286.67728,-131.80273,538.33246,294.52567,30.975727,542.89136,284.56512,-172.99374,541.37537,309.87164,25.068453,545.1566,291.2448,-155.31366,533.8308,311.75146,28.63773,537.52637,294.16077,-136.06169,333.33524,383.89438,-101.74885,343.7991,343.55682,101.750946,201.83469,259.4503,-126.70736,238.08408,229.65999,49.46714,113.22994,357.85068,3.4573221,138.92192,329.9519,156.25795,119.55189,384.0193,19.66876,147.69016,353.81778,167.8906,43.267433,351.16403,-11.498041,70.49122,332.87683,131.78804
004.png,531.8579,282.115,39.17169,546.436,278.8365,15.542015,547.8702,280.2887,15.23321,549.42584,281.28336,15.159908,546.4099,277.72064,53.036682,548.04224,278.4417,52.664867,550.0449,278.99673,52.395355,559.93945,298.0143,-45.1,561.02637,297.0732,122.96307,524.7049,294.12894,19.569302,522.88385,291.51263,65.155075,511.06384,375.51242,-128.8866,502.64658,328.088,189.3777,411.35187,312.54614,-127.597786,422.35468,283.03265,100.883514,516.08453,297.8402,23.310247,515.77966,286.67728,-131.80273,538.33246,294.52567,30.975727,542.89136,284.56512,-172.99374,541.37537,309.87164,25.068453,545.1566,291.2448,-155.31366,533.8308,311.75146,28.63773,537.52637,294.16077,-136.06169,333.33524,383.89438,-101.74885,343.7991,343.55682,101.750946,201.83469,259.4503,-126.70736,238.08408,229.65999,49.46714,113.22994,357.85068,3.4573221,138.92192,329.9519,156.25795,119.55189,384.0193,19.66876,147.69016,353.81778,167.8906,43.267433,351.16403,-11.498041,70.49122,332.87683,131.78804
005.png,641.5013,240.8336,-20.624395,656.5546,239.45961,-49.235138,658.2207,241.44696,-49.491608,659.7196,243.03383,-49.496338,655.83875,237.42578,-10.525287,656.9785,238.01532,-10.987671,658.25214,238.61974,-11.315961,670.36957,257.76416,-113.32454,670.401,255.8761,59.346607,632.9578,255.0431,-37.95152,631.56573,250.98969,9.785877,629.02203,331.50302,-167.2028,609.6638,292.09406,143.05835,554.178,267.62897,-172.9929,499.8257,269.9576,48.52171,646.6217,258.45624,-45.950245,540.46967,255.7015,-224.82545,668.0582,254.37607,-48.3292,547.13776,253.06364,-265.5663,670.1364,265.71555,-50.163292,563.26965,256.81238,-265.79083,662.73566,266.64108,-40.64424,566.9469,257.86945,-235.82663,430.16193,341.29315,-97.06729,437.77838,306.62283,97.07636,302.65186,235.7671,-132.82552,322.97937,213.53204,68.15133,213.0961,330.55203,-18.510517,219.9474,305.55524,174.83592,217.7924,360.49234,-6.7146163,221.16101,327.2192,184.42114,144.70468,329.50116,-48.07353,151.94466,303.625,140.08598
006.png,587.9808,276.67984,38.372387,605.0346,273.31793,12.461198,607.09186,275.23944,12.121874,609.00964,276.9422,12.073456,604.66724,272.07507,51.50291,606.5836,272.97028,51.068623,608.6375,273.89987,50.754276,620.57196,292.04065,-54.6083,621.3866,290.77652,120.059586,581.8499,291.18588,17.585802,580.4521,288.70087,65.09458,581.8709,363.96146,-131.25064,561.164,323.24277,184.28432,494.37152,310.41592,-124.00396,464.34802,300.02277,83.9025,594.5644,295.52414,24.56553,546.62054,293.63544,-176.1134,615.42914,291.86542,31.437778,565.03217,293.87164,-221.38101,616.79846,302.77713,24.80911,573.357,301.34665,-207.87175,608.92474,304.41748,29.471382,572.3819,299.71817,-182.59192,390.64417,379.2763,-99.929214,397.9393,344.8461,99.92387,257.5236,274.39822,-118.76546,275.41193,249.37088,53.257954,165.29243,372.57156,-6.573018,176.71362,350.854,161.92877,171.18504,401.00952,6.145282,179.00589,375.3743,172.62703,95.746155,375.94412,-45.672966,111.04485,346.1526,120.28627
007.png,661.5766,276.77448,-1.9520922,676.9257,273.77695,-24.921299,679.14557,275.93378,-25.273283,681.3409,277.82904,-25.235697,675.5513,270.2852,10.434155,676.7567,270.16406,9.958925,678.111,270.07758,9.753825,695.35486,292.96118,-82.92825,693.0515,287.2529,77.33233,654.5495,290.77554,-19.139902,651.10455,286.3586,23.574484,655.03973,364.87195,-147.4171,637.58167,330.8126,160.2691,567.4281,308.82184,-186.2074,557.34094,293.32495,262.5184,666.04846,299.13763,-113.47625,651.515,278.6234,272.74283,686.25165,298.22882,-117.549904,674.3729,275.99164,265.8246,688.5755,309.7499,-123.998375,675.8845,281.39807,269.78082,681.17645,310.19513,-110.84603,668.2496,284.00577,269.0287,456.23312,384.22412,-95.54702,456.8896,354.45566,95.53801,328.92126,283.4912,-118.690895,340.08463,260.19437,39.28769,208.44115,361.35956,-55.22837,220.49454,345.25732,94.13813,208.78491,388.75256,-46.711964,221.43188,372.05884,99.15851,127.48774,357.26236,-94.23977,144.6044,347.20398,45.240124
008.png,629.78876,296.2422,-0.11593025,647.2353,295.48514,-28.062403,648.4543,297.68777,-28.351744,649.5411,299.6995,-28.373028,647.3952,293.8248,10.51758,649.0261,295.06558,10.095569,650.7485,296.3213,9.862671,658.20337,316.93903,-97.536934,658.44116,314.75696,76.79876,620.9437,309.4814,-20.15036,618.68225,306.49564,27.383663,602.53357,376.03387,-172.1811,591.8105,340.2167,171.16606,542.5102,299.704,-230.2596,522.161,297.8538,253.33424,631.3337,312.77954,-148.60721,612.1548,304.4668,241.3027,649.67786,314.8059,-156.45468,631.0236,308.37817,240.62659,650.24615,329.7885,-152.9741,634.3113,314.16498,241.9593,643.4921,328.58337,-142.67632,628.55597,314.14188,237.15305,396.71216,379.59763,-104.672325,404.52893,341.3334,104.63792,276.05948,265.53137,-136.85248,297.83817,243.65344,79.75853,207.4071,380.78326,-34.736107,217.85138,351.21445,170.77184,216.0622,405.8337,-21.091099,226.36908,376.60892,180.90497,133.57256,391.41766,-32.55235,149.5067,364.73657,162.97168
009.png,584.1661,279.84836,39.200237,600.05457,276.91556,13.0256815,602.12683,279.10776,12.727233,604.2017,280.96243,12.637222,599.0246,274.63614,52.583355,600.36176,274.9858,52.18159,602.06213,275.2753,51.90026,614.37775,297.9943,-54.915,612.3952,293.4356,121.95783,577.3141,292.44974,17.910961,575.5875,289.02844,66.39142,572.2679,366.39603,-134.50844,552.2971,328.18243,190.43135,487.03708,301.98627,-128.17313,456.27936,293.83853,81.81314,579.5531,296.95547,37.388893,527.6683,295.2655,-176.65352,600.26245,297.48947,44.90722,545.12366,293.65186,-217.88652,602.2556,310.46048,42.891777,553.395,301.32257,-205.6306,595.39685,310.7569,44.13766,550.1034,303.9164,-183.54619,381.85715,385.93774,-100.700516,386.6906,346.7342,100.67433,252.94226,270.52353,-132.39702,287.6698,234.70093,65.34257,168.7909,383.0237,-20.470346,185.57726,344.47412,179.3118,178.07776,408.82056,-7.317857,192.08655,365.80728,190.70091,97.8763,398.89285,-39.145016,117.781136,360.08713,158.02917
010.png,559.7308,278.4905,66.96056,573.8959,273.88983,48.72294,576.51184,276.41745,48.36609,579.0588,278.9764,48.30823,571.39594,268.0797,81.999756,572.0069,266.634,81.60152,572.92474,265.13754,81.33847,591.1698,292.76022,5.816414,585.2197,279.68506,155.15648,555.33887,291.94806,53.30832,550.8547,285.17334,93.036705,561.4056,367.59155,-66.21736,548.10614,330.9619,208.53665,449.23193,344.77362,-99.82829,440.108,309.6948,127.85603,549.9854,302.9372,-26.723846,539.6125,287.4273,-94.22705,570.88184,303.57626,-24.742031,562.549,279.06396,-137.35321,577.1248,313.47214,-30.99571,564.918,282.9831,-122.33108,569.72595,313.21948,-23.075428,559.5281,286.9382,-99.480965,387.9844,390.5282,-89.25208,384.98297,360.15936,89.08531,256.17175,265.22174,-94.940414,271.0119,242.44257,46.231636,146.62885,369.98282,-42.868435,158.04346,349.56656,87.81907,152.30562,399.02646,-34.9831,162.7257,378.60565,91.82386,61.944984,368.94846,-76.07928,75.351776,355.80075,41.70579
011.png,620.18134,275.24884,42.0578,635.94965,273.8555,15.570917,638.24994,276.1627,15.273929,640.37036,278.22714,15.271927,634.3944,272.71454,54.417114,635.75555,274.31378,53.94342,637.31354,275.96964,53.674683,649.8632,295.46057,-53.74951,648.7079,293.77798,121.17059,613.4541,290.31396,21.2634,611.653,287.19485,68.756935,606.01556,364.60263,-128.9749,583.4301,323.84982,200.96942,524.2778,293.9803,-147.61574,516.6506,284.19714,271.1235,622.204,287.79825,-21.717394,596.1404,279.0104,244.19492,639.9761,286.40793,-18.235462,624.0083,281.4723,237.77243,640.92413,299.59265,-20.904257,627.1057,287.7989,242.84372,634.36304,300.93402,-16.325516,617.8617,288.83157,240.36272,409.10782,381.55542,-99.32522,412.73508,348.05072,99.26603,283.3767,265.81808,-112.83576,318.80865,240.0408,73.76998,189.50029,375.22513,-74.656395,225.42757,348.9244,140.16508,198.73152,407.4983,-68.49911,229.59474,378.64587,147.74738,116.3317,376.7636,-112.70149,145.81949,353.3062,114.898026
012.png,661.2687,288.08896,-17.607971,679.9241,285.7775,-40.878174,681.9552,287.4235,-41.159557,683.68536,288.81583,-41.091854,679.18243,283.49246,-9.382009,680.8038,283.50717,-9.9196615,682.39923,283.39468,-10.189276,693.73254,302.97668,-91.58309,691.6818,297.0957,51.24125,652.82294,302.08908,-30.282644,651.10547,298.28207,7.8697357,647.0019,376.15552,-137.44527,627.21484,328.3494,135.62048,584.0633,313.0366,-167.42548,552.3093,287.73587,219.07161,670.63153,307.2558,-97.92154,649.7909,290.3068,239.23116,688.1562,307.31442,-101.59946,668.99774,292.3664,236.87796,688.82837,319.2735,-105.114586,668.28174,299.20337,242.79665,682.0127,320.04996,-94.64896,661.5427,300.75967,237.30095,448.57504,382.98752,-85.39474,448.069,347.87994,85.37348,324.6436,283.89783,-121.07538,339.2635,253.16162,26.747082,194.81079,380.26154,-115.04589,212.38889,354.78497,47.28054,194.83258,413.23767,-114.09523,210.7585,380.02344,48.47953,111.627304,379.46408,-184.3245,130.37993,360.01862,-13.907585
013.png,702.50726,281.72452,-16.088253,720.13214,279.7037,-40.79913,722.0475,281.72116,-41.03249,723.6724,283.26627,-40.935352,719.793,278.61133,-8.643246,721.68713,279.8234,-9.205346,723.53754,280.73093,-9.482241,734.8425,299.4114,-98.136856,732.98676,295.33844,47.497025,695.1629,297.48627,-30.493542,694.07825,294.61774,9.240061,686.46204,370.02466,-138.26031,673.2038,334.21762,136.52042,618.33484,300.49,-151.64406,591.73285,285.9575,210.89366,710.8002,295.7691,-58.97719,693.8423,283.07068,221.4645,729.17377,291.1633,-64.09914,711.43005,282.74457,223.97821,731.7311,308.47272,-63.267063,712.521,290.64716,224.5441,724.8312,309.8896,-54.32161,706.6448,292.3701,217.72607,499.09003,386.63605,-85.90434,500.201,354.51843,85.86617,368.5826,285.8671,-123.58786,379.2279,267.82578,29.734056,235.86464,375.22995,-100.24314,249.73459,349.79874,73.15858,234.56544,406.833,-98.05815,246.75171,375.0547,76.65838,156.23917,370.90897,-156.42354,169.18947,355.3408,25.178682
016.png,160.68463,319.2989,-76.36507,146.07219,323.9888,-61.875374,146.69882,324.20233,-62.29454,147.13629,324.42874,-62.316513,143.70895,327.65,-93.50075,142.71088,330.49808,-93.89385,141.5503,334.0574,-94.09539,151.07512,338.59528,27.424517,145.71254,351.58337,-115.094635,176.21176,320.91177,-38.862423,174.66016,323.99652,-82.431015,232.98259,331.04263,121.035736,214.07843,379.807,-144.36925,219.24289,271.11542,251.15598,148.02669,348.8931,-123.29029,172.56758,336.85016,369.5847,140.24324,370.00357,17.20925,166.05052,347.7772,382.2334,139.46016,374.8625,5.89982,168.24162,350.33362,381.28372,147.02701,377.02676,-4.9215007,170.49411,347.35,369.98175,147.48166,375.65775,14.1006365,445.14603,327.13858,86.70108,453.05093,354.5871,-86.88135,553.5732,213.18694,108.0351,570.56,223.09128,-103.42999,614.53754,344.45822,159.52145,636.7456,365.24432,-29.783836,609.25806,374.61047,160.29071,627.9765,391.00885,-18.15301,689.2519,367.85468,125.5307,710.4423,382.80518,-28.441492
017.png,160.68463,319.2989,-76.36507,146.07219,323.9888,-61.875374,146.69882,324.20233,-62.29454,147.13629,324.42874,-62.316513,143.70895,327.65,-93.50075,142.71088,330.49808,-93.89385,141.5503,334.0574,-94.09539,151.07512,338.59528,27.424517,145.71254,351.58337,-115.094635,176.21176,320.91177,-38.862423,174.66016,323.99652,-82.431015,232.98259,331.04263,121.035736,214.07843,379.807,-144.36925,219.24289,271.11542,251.15598,148.02669,348.8931,-123.29029,172.56758,336.85016,369.5847,140.24324,370.00357,17.20925,166.05052,347.7772,382.2334,139.46016,374.8625,5.89982,168.24162,350.33362,381.28372,147.02701,377.02676,-4.9215007,170.49411,347.35,369.98175,147.48166,375.65775,14.1006365,445.14603,327.13858,86.70108,453.05093,354.5871,-86.88135,553.5732,213.18694,108.0351,570.56,223.09128,-103.42999,614.53754,344.45822,159.52145,636.7456,365.24432,-29.783836,609.25806,374.61047,160.29071,627.9765,391.00885,-18.15301,689.2519,367.85468,125.5307,710.4423,382.80518,-28.441492
018.png,207.3277,258.20438,82.4977,195.08337,256.26926,93.196266,193.86963,257.58755,92.955086,192.50891,258.94815,92.96717,194.57726,257.4374,55.13034,192.7436,259.80804,54.848797,190.60762,262.94235,54.80446,182.93979,279.06943,157.07634,182.9503,285.48676,-16.472315,217.47375,271.61075,111.61238,216.25174,272.54922,59.498795,259.65854,308.23105,230.00735,240.15129,343.31747,-100.376114,338.5712,240.6812,195.37566,307.02454,255.54185,-211.97449,258.5531,271.63544,91.02702,219.84431,274.19598,-178.72092,230.7382,271.70352,81.65007,201.82095,275.424,-202.97438,234.08781,281.47485,102.980835,198.5557,290.21332,-198.14708,242.74867,283.63403,96.00754,206.1051,290.79645,-176.08229,445.6486,330.4675,113.114044,447.6655,357.11356,-113.43321,576.58307,223.70721,117.47305,588.004,232.65872,-128.0394,655.337,346.57208,247.59056,672.1118,361.33694,-66.22599,647.498,373.0395,259.4103,662.35223,388.76828,-55.61863,722.97906,369.62186,261.05353,743.5828,385.35083,-58.34004
019.png,284.823,241.88803,93.740585,271.7549,235.44926,99.47651,270.0452,236.38857,99.219894,268.48602,237.24472,99.200935,271.5228,235.79523,62.602905,269.65997,237.04298,62.31183,267.72787,238.52542,62.207916,256.38934,252.1555,142.52754,254.45322,256.1614,-27.123592,290.78613,258.9009,116.04382,289.65897,257.97162,65.13264,301.5836,298.1781,216.74478,283.95755,322.90045,-113.022064,360.15485,229.92764,382.40033,348.2882,225.35866,-190.67183,280.87018,253.16708,558.6064,259.8738,261.5906,-110.48379,258.28674,259.0324,594.0189,238.42722,266.56235,-125.3616,259.5199,271.27,605.7787,241.44714,277.05334,-123.08021,267.8073,272.41302,567.1633,249.37982,277.25833,-108.62549,478.82654,334.5276,118.199326,481.86188,357.88336,-118.46133,607.4286,226.06686,128.81355,620.5394,230.70003,-124.51359,685.3097,344.6179,198.75739,705.11334,360.61597,-114.26515,678.5948,371.2669,205.22803,693.07605,387.57227,-107.47542,748.69904,364.5674,209.18166,771.50146,382.43063,-102.99289
020.png,284.823,241.88803,93.740585,271.7549,235.44926,99.47651,270.0452,236.38857,99.219894,268.48602,237.24472,99.200935,271.5228,235.79523,62.602905,269.65997,237.04298,62.31183,267.72787,238.52542,62.207916,256.38934,252.1555,142.52754,254.45322,256.1614,-27.123592,290.78613,258.9009,116.04382,289.65897,257.97162,65.13264,301.5836,298.1781,216.74478,283.95755,322.90045,-113.022064,360.15485,229.92764,382.40033,348.2882,225.35866,-190.67183,280.87018,253.16708,558.6064,259.8738,261.5906,-110.48379,258.28674,259.0324,594.0189,238.42722,266.56235,-125.3616,259.5199,271.27,605.7787,241.44714,277.05334,-123.08021,267.8073,272.41302,567.1633,249.37982,277.25833,-108.62549,478.82654,334.5276,118.199326,481.86188,357.88336,-118.46133,607.4286,226.06686,128.81355,620.5394,230.70003,-124.51359,685.3097,344.6179,198.75739,705.11334,360.61597,-114.26515,678.5948,371.2669,205.22803,693.07605,387.57227,-107.47542,748.69904,364.5674,209.18166,771.50146,382.43063,-102.99289
021.png,299.74814,296.7041,-99.074135,288.25226,297.91815,-93.985886,286.1967,298.78073,-94.31581,283.3993,299.7001,-94.366135,290.23428,300.66788,-125.63096,289.8769,303.9117,-125.91487,288.96155,307.78506,-125.96734,276.01266,315.69357,-25.258648,281.796,335.08405,-168.78958,316.0141,311.25638,-65.81667,312.89178,312.55988,-109.07216,331.01706,338.34952,35.021626,368.64316,401.07437,-204.92715,384.68115,258.63394,-117.38381,454.6775,284.7426,-336.4969,312.54642,301.9408,-347.6036,330.17294,315.80936,-390.01846,283.6671,317.02585,-385.63333,304.0719,326.43182,-428.97043,288.70685,331.9566,-350.31036,310.39044,343.24515,-433.3483,299.0057,331.12915,-339.91385,319.47845,341.2698,-392.59937,530.7123,335.3646,85.02913,558.67004,374.79532,-85.37997,654.03534,212.7926,93.65262,699.21204,221.40576,-101.99752,704.67975,345.898,267.01312,737.49713,364.90628,-17.731485,699.32605,372.58182,284.59546,727.52716,388.66122,-4.344286,763.54297,364.21957,295.62576,807.2093,381.3415,1.3992524
022.png,221.7537,324.06714,99.389275,204.59474,321.06845,108.81308,202.66547,322.51163,108.53277,200.89232,323.54813,108.518654,203.93973,322.29465,70.982376,201.83168,324.73282,70.68318,199.94312,327.02368,70.62568,195.47404,338.96494,173.43222,195.35173,344.7677,0.60318214,231.87291,337.10797,129.88824,229.73752,338.12476,77.814384,274.85684,372.97537,249.07426,250.75482,411.67307,-76.85739,342.51,293.29877,235.62659,308.4496,313.41772,-178.97592,249.04045,332.5136,166.41481,223.98305,336.6402,-136.33473,231.85316,341.33316,159.33742,202.18967,346.6269,-159.52461,234.65886,348.1527,183.50755,200.44843,358.73486,-157.98595,243.1932,348.5875,173.35663,211.95747,357.41483,-135.03561,473.6145,388.73254,113.18521,471.36578,415.5848,-113.55007,615.8659,268.89896,124.27438,615.5641,280.18423,-130.69785,701.9314,423.01416,214.34096,706.07007,435.24277,-91.64003,691.8952,450.97897,221.74191,696.7687,461.9563,-82.02963,773.8289,445.2462,217.31306,784.6635,455.6966,-78.35352
023.png,724.1515,377.3841,9.64241,738.95465,386.8601,-20.79467,739.14624,390.03427,-21.116535,739.20483,392.76923,-21.114952,738.561,385.47818,15.182707,738.31775,387.41058,14.753381,738.20667,389.68857,14.604699,733.38007,411.18372,-86.14709,732.0219,408.86453,74.912254,711.1635,383.78778,-4.4651513,710.0147,381.85858,39.162346,673.3693,446.09262,-150.38963,651.7261,420.1813,194.08496,561.5007,492.46347,-114.06472,549.1073,447.3431,136.37709,583.0202,387.4008,34.801468,571.08344,374.94138,-99.07758,574.52985,358.60507,36.236362,567.2267,354.67426,-137.39372,593.1204,361.20493,37.96996,581.65656,356.61313,-158.3668,594.58496,370.23572,44.21362,582.48096,364.4078,-118.41195,424.57092,426.95264,-107.543884,424.60437,411.0265,107.619095,252.22942,443.51004,-56.45738,257.7536,425.00037,106.406624,64.49451,449.19638,-79.2059,84.83772,440.93466,116.44564,42.453037,471.48053,-88.97758,52.493843,460.6553,112.69215,42.137653,372.27087,-200.49399,56.25071,370.31454,47.62084
024.png,704.99194,363.8943,10.608011,719.0997,372.56824,-17.27978,719.6383,375.44974,-17.58951,720.2332,377.9513,-17.528532,718.8434,372.18805,15.380266,718.9163,374.6994,14.909642,718.966,377.5255,14.718367,716.37646,396.28668,-73.71124,713.5404,394.87277,71.518875,688.859,373.0932,-0.70923746,688.1306,372.4257,38.258762,657.61,432.45184,-127.06815,634.9472,410.54843,177.50613,546.18823,476.58652,-98.383446,532.6216,432.91336,126.80708,588.4439,379.79477,33.25451,565.07666,359.34705,-94.37742,577.7115,354.82272,37.212353,558.98505,341.48767,-132.62122,594.46936,354.1989,37.837963,571.06146,342.90054,-152.81027,596.44684,361.23114,42.068314,573.8854,350.59778,-112.59658,419.7802,424.109,-97.33257,416.33658,397.4289,97.44313,242.31483,431.45148,-35.446,249.92921,409.133,71.63292,56.347675,436.79117,-70.81408,84.41065,429.0926,78.524765,25.99514,457.033,-81.49516,47.311745,451.37915,75.36257,34.51165,361.0032,-189.08461,54.65889,362.1223,16.637905
025.png,704.99194,363.8943,10.608011,719.0997,372.56824,-17.27978,719.6383,375.44974,-17.58951,720.2332,377.9513,-17.528532,718.8434,372.18805,15.380266,718.9163,374.6994,14.909642,718.966,377.5255,14.718367,716.37646,396.28668,-73.71124,713.5404,394.87277,71.518875,688.859,373.0932,-0.70923746,688.1306,372.4257,38.258762,657.61,432.45184,-127.06815,634.9472,410.54843,177.50613,546.18823,476.58652,-98.383446,532.6216,432.91336,126.80708,588.4439,379.79477,33.25451,565.07666,359.34705,-94.37742,577.7115,354.82272,37.212353,558.98505,341.48767,-132.62122,594.46936,354.1989,37.837963,571.06146,342.90054,-152.81027,596.44684,361.23114,42.068314,573.8854,350.59778,-112.59658,419.7802,424.109,-97.33257,416.33658,397.4289,97.44313,242.31483,431.45148,-35.446,249.92921,409.133,71.63292,56.347675,436.79117,-70.81408,84.41065,429.0926,78.524765,25.99514,457.033,-81.49516,47.311745,451.37915,75.36257,34.51165,361.0032,-189.08461,54.65889,362.1223,16.637905
026.png,704.99194,363.8943,10.608011,719.0997,372.56824,-17.27978,719.6383,375.44974,-17.58951,720.2332,377.9513,-17.528532,718.8434,372.18805,15.380266,718.9163,374.6994,14.909642,718.966,377.5255,14.718367,716.37646,396.28668,-73.71124,713.5404,394.87277,71.518875,688.859,373.0932,-0.70923746,688.1306,372.4257,38.258762,657.61,432.45184,-127.06815,634.9472,410.54843,177.50613,546.18823,476.58652,-98.383446,532.6216,432.91336,126.80708,588.4439,379.79477,33.25451,565.07666,359.34705,-94.37742,577.7115,354.82272,37.212353,558.98505,341.48767,-132.62122,594.46936,354.1989,37.837963,571.06146,342.90054,-152.81027,596.44684,361.23114,42.068314,573.8854,350.59778,-112.59658,419.7802,424.109,-97.33257,416.33658,397.4289,97.44313,242.31483,431.45148,-35.446,249.92921,409.133,71.63292,56.347675,436.79117,-70.81408,84.41065,429.0926,78.524765,25.99514,457.033,-81.49516,47.311745,451.37915,75.36257,34.51165,361.0032,-189.08461,54.65889,362.1223,16.637905
027.png,723.9948,352.73523,43.10611,740.24084,357.41968,15.765475,740.8077,360.9598,15.452215,741.2746,363.85434,15.531742,739.2382,355.95605,50.744274,738.69916,358.29086,50.28765,738.0817,360.89145,50.14054,740.0285,384.97064,-43.935833,735.7051,382.16635,112.3095,709.43414,364.62695,30.446798,708.26794,362.92468,72.547646,688.05237,427.21664,-110.0612,656.3103,403.094,219.92488,577.6561,475.78198,-89.82545,548.4725,440.04227,156.3731,614.3956,376.6922,35.33692,593.63055,348.8063,-85.244484,613.6049,353.47284,38.64429,593.5436,333.5122,-123.91814,627.12006,351.67426,40.649654,607.20996,336.21704,-139.09344,625.38214,357.67346,45.432507,607.77936,343.90613,-102.258514,462.16705,428.5169,-104.92076,453.5693,402.07654,104.97295,282.92908,430.75854,-48.173706,287.3158,417.37778,78.84402,94.86011,436.07355,-108.29609,119.969315,433.47137,79.61662,57.797672,458.909,-121.634315,87.3521,454.5238,75.316864,59.08269,360.74246,-226.31276,82.66083,363.19412,19.691076
028.png,707.5033,357.16656,34.167744,722.3585,362.70105,4.6243925,722.99066,365.4907,4.300482,723.6745,368.05472,4.3284607,722.7176,362.14468,40.08866,723.4132,364.3618,39.65129,724.1218,366.7718,39.503956,722.83295,388.56134,-59.539566,721.336,386.4727,99.05683,693.46814,367.23367,20.502176,692.585,366.03348,63.40974,670.13196,427.41388,-125.75899,643.6495,409.44458,212.18956,555.9763,471.60202,-69.86692,541.6554,433.6157,147.40453,587.31036,372.53394,107.50634,566.54236,359.70264,-94.11131,576.85077,349.45197,115.53757,559.09894,342.53937,-132.05571,590.6562,348.08145,116.22371,571.65027,344.28717,-150.27531,592.9823,356.9294,117.7363,573.9599,352.5775,-112.44488,425.5321,423.7612,-108.527596,424.274,406.5047,108.604996,257.06952,427.02274,-66.27672,261.08246,417.08862,92.968346,68.8351,439.20123,-112.88625,93.084496,435.52234,117.08001,41.82479,464.01422,-124.62163,55.470978,461.6671,115.23529,43.251328,359.6354,-231.072,68.334015,361.71,59.102837
029.png,704.5261,336.03955,38.48542,720.5763,338.06604,7.0814557,722.3278,340.8936,6.7665567,724.2622,343.83066,6.852592,720.2165,336.63217,47.072697,721.414,338.35986,46.625885,722.7817,339.92206,46.46278,730.0656,365.7043,-66.693886,727.033,361.22684,112.61736,694.2827,350.0631,21.280201,693.6313,348.17688,70.17927,675.07043,427.154,-134.07016,656.27625,402.2325,224.97295,561.01166,458.70428,-75.209274,550.85706,417.761,145.44868,602.7442,363.26752,122.41921,583.6674,342.85526,-119.29727,599.10614,338.24588,136.05164,581.51215,326.21506,-157.45343,614.2135,338.9405,134.66093,592.1925,327.2724,-172.0794,614.11597,346.96884,133.06862,593.1569,335.24677,-137.05353,444.91284,431.32498,-118.148026,441.35626,403.09692,118.21476,273.0764,431.37506,-75.07118,277.72403,414.815,94.69966,85.38215,441.8831,-152.5103,114.16147,435.93488,109.04976,48.61587,467.60626,-167.68785,72.19318,458.5831,106.20429,57.555637,359.72598,-275.71442,87.601326,358.59912,55.065075
030.png,727.2572,369.55774,6.864791,740.5508,377.89655,-20.880045,740.8688,380.88614,-21.216055,741.1449,383.62827,-21.202864,740.6088,377.57977,13.527531,740.7927,380.16443,13.097755,740.9098,383.12943,12.945416,735.16205,405.1954,-78.17298,733.5063,403.06015,75.972015,711.3997,377.83978,-4.6594925,710.8262,376.90283,36.936623,679.4992,433.64267,-143.79344,655.28735,413.93198,195.60698,567.9596,478.39905,-111.84308,559.3705,440.03244,146.68279,599.1288,380.03137,29.082298,572.6284,364.7287,-81.46648,585.3373,358.68524,28.833525,564.36304,346.23694,-118.81709,598.78876,353.18048,29.996412,574.8474,346.25464,-143.09097,601.5666,361.4528,37.921364,578.5613,354.8066,-101.74014,433.17087,426.69177,-111.69424,431.68832,408.84814,111.78042,264.0923,431.21387,-89.43087,269.96268,419.9757,119.53392,73.375626,443.99756,-161.73656,105.31245,437.118,155.94083,45.332703,467.84723,-176.8837,63.19031,460.0259,154.70816,48.52859,362.29056,-291.74124,78.79485,354.19577,102.01509
031.png,725.34546,349.54907,43.735775,738.89484,355.16165,13.634269,738.9753,359.0498,13.4014,738.85364,363.3999,13.52678,739.016,353.32278,48.11058,739.09863,355.29712,47.61746,738.9727,357.79767,47.50239,736.9681,388.83102,-55.87587,734.3582,382.83978,101.188225,708.26825,362.6387,29.305262,707.86633,360.3607,71.72726,695.00037,428.89078,-133.72273,656.1297,390.90442,213.55226,619.6969,339.246,-159.11519,601.72064,302.86575,255.54369,678.15204,266.93088,-67.193504,672.3888,266.7046,201.92108,690.2379,248.47961,-78.04086,691.4534,250.8313,192.3995,699.5421,254.54544,-71.94732,700.25006,256.8618,183.70122,695.95465,262.01706,-58.250336,695.53595,263.0278,192.60075,454.80798,422.17554,-105.15946,450.92706,401.6053,105.09023,273.51306,421.9809,-67.87152,274.57626,414.31598,86.63047,90.19196,431.24295,-92.95781,109.64915,430.07062,78.24854,56.924164,451.23563,-100.99224,70.374985,452.34598,74.46267,64.030235,352.9178,-168.69456,67.600044,352.23987,38.169968
032.png,726.53925,354.13324,35.263237,742.16254,360.9944,5.7283206,742.6131,365.21954,5.484573,742.8019,369.85956,5.6027246,741.45026,358.27347,40.296497,741.26556,359.9596,39.76286,740.7115,361.9597,39.604767,740.8464,395.0335,-59.274464,736.2543,385.74567,98.45782,710.7409,368.1024,22.35267,709.51886,365.2087,64.95261,700.7219,436.62375,-137.52168,656.516,389.88678,204.42331,620.779,347.78494,-158.14685,604.6994,300.15656,236.70331,695.3379,278.2846,-48.600967,691.71094,275.7159,190.51738,708.25385,259.98163,-55.780506,709.0918,264.93723,182.40636,718.43304,269.95007,-53.091362,717.8554,272.5251,175.82968,714.563,276.91138,-40.96194,712.9515,279.2995,182.04553,454.30966,431.09622,-103.88191,448.44785,399.06775,103.83827,271.42416,428.99692,-63.926662,274.4001,409.11447,79.85315,87.50277,435.56213,-89.11191,106.01322,429.01514,67.18545,53.439926,457.34723,-97.25128,68.74386,448.60324,63.133366,54.45878,359.53912,-169.23625,76.06655,360.7239,22.643124
033.png,731.21265,364.21182,24.58902,745.4753,371.66882,-10.356544,745.89716,374.8559,-10.541592,746.1938,378.0846,-10.460173,745.48584,370.67145,26.306154,745.824,373.0354,25.79511,746.0431,375.4499,25.661974,740.9967,402.00134,-91.00498,740.611,400.5181,76.894104,717.0738,373.13977,6.030271,716.4908,371.97946,51.962887,688.4396,425.04593,-147.86574,657.88983,410.6362,172.96587,677.74396,308.1715,-137.4277,647.0157,305.58026,202.0925,748.6804,314.08878,27.650751,739.561,308.6088,143.42352,772.47015,310.9035,23.434895,768.9845,304.95087,129.16821,776.75916,326.8602,12.858357,772.4459,323.20782,124.72862,766.8831,329.66302,28.14004,760.6477,327.47632,135.31456,442.73694,414.39435,-101.35407,441.42892,402.61594,101.28898,268.31018,412.29636,-68.343315,268.38843,398.38812,59.158592,82.26288,433.28577,-64.34395,101.33176,424.021,45.870174,53.710396,457.30267,-68.65586,71.337,443.25714,42.92359,52.984108,352.261,-119.90053,66.74277,352.3556,20.343311
034.png,735.09015,383.0089,43.95212,749.6101,388.70035,5.284674,750.4297,389.6549,5.0638967,751.15234,390.32672,5.142102,749.2456,390.99002,40.970314,749.75366,393.58957,40.435432,750.22815,395.994,40.29503,752.4168,405.24197,-98.26077,749.9843,412.41748,67.10623,726.0808,386.8299,17.666142,724.2458,388.29352,62.67058,708.4548,431.4453,-175.77643,675.3379,430.6443,172.54552,725.5466,336.4464,-143.05533,665.4169,320.41782,260.7446,782.23444,340.1909,33.23768,758.52496,335.03442,274.36313,801.4714,336.034,26.649755,787.9927,333.34595,270.58643,801.55133,349.95923,12.753653,788.3939,345.50827,261.3382,794.6647,352.45868,32.566532,777.60205,347.1504,265.64795,458.5676,422.72513,-116.45685,455.74573,414.43002,116.41266,274.63074,415.7431,-92.44956,278.9305,413.61322,79.6303,90.14658,443.83896,-100.40308,117.103226,435.0789,82.35866,59.386486,472.13492,-106.83656,86.772804,459.5339,80.53052,59.944263,362.7237,-183.6309,79.78073,364.77072,44.880615
035.png,731.0178,386.35443,12.3673935,745.2369,394.54147,-21.683222,745.8814,396.46802,-21.883787,746.4031,398.19122,-21.806885,745.4199,394.9394,10.886858,746.1094,396.92844,10.334357,746.72925,398.52847,10.153579,747.00525,415.0125,-99.84714,746.20667,415.0245,50.31987,720.6719,391.71844,-5.1240544,720.4156,391.8618,35.52559,700.6771,446.16083,-153.58673,664.47986,427.1528,135.43272,707.9034,328.9837,-136.5387,650.62134,314.2303,185.49849,765.4273,335.30072,15.858095,742.66766,323.18872,173.15248,790.43384,333.2307,10.9443865,775.43933,326.08664,162.94312,789.99713,345.5366,-7.025543,774.0684,335.92148,155.63309,778.84705,345.73383,12.545232,762.39343,334.76718,164.90225,448.12488,432.6136,-92.57359,444.11868,412.03253,92.54761,277.66125,415.2098,-72.944855,277.87878,411.51392,17.377008,95.432,447.18198,-90.36581,110.4899,438.33096,-15.788446,63.02295,475.22412,-96.869156,76.08422,465.6038,-20.092705,56.117,366.65308,-151.52995,65.60293,368.63837,-41.003475
036.png,774.51526,152.89467,144.11731,794.032,147.80058,125.059044,798.66284,150.29861,124.81743,803.4832,152.6996,124.739044,787.01434,144.27779,161.88152,786.8269,144.03549,161.341,786.7893,144.20557,160.98827,822.25867,172.08932,92.128815,788.5176,174.23833,262.38428,775.86707,166.38545,136.9878,768.7419,164.73395,183.80989,812.8324,242.31444,42.175846,698.6361,208.676,273.62387,782.8712,96.87186,6.784199,671.0308,101.73397,205.39459,819.70404,170.30185,130.94449,756.00903,161.635,87.36634,826.81067,179.67685,131.08841,763.61584,175.41147,62.419167,823.39355,190.05759,119.885544,771.98596,184.43916,67.493965,819.71405,183.90976,130.36009,765.951,177.59016,81.36376,573.0664,312.15665,-71.444466,536.8235,278.5104,70.925514,405.4627,166.45891,-158.13512,351.90475,118.4708,-14.588789,241.34897,413.07425,-290.2008,220.14229,312.67386,-108.42493,244.81796,448.81717,-305.87265,212.01152,352.77438,-118.70021,137.02344,431.05078,-405.66187,102.43703,299.29462,-193.63365
037.png,786.47845,155.49149,125.25824,807.7717,153.326,107.0769,812.453,157.12395,106.852684,816.81934,160.4968,106.85508,799.3114,147.75458,146.08089,798.6446,147.39822,145.48257,797.9212,147.21545,145.07715,834.4572,183.8569,79.738434,803.48615,169.56548,261.4787,786.9207,173.76903,119.72965,778.6639,168.87279,169.40082,833.6206,254.676,53.363636,709.8042,214.22675,292.98132,828.4496,114.36003,51.39028,672.35046,101.79062,392.7653,861.09735,178.02193,268.25107,771.581,158.71141,447.0971,859.8398,179.94408,279.30698,795.02423,167.85143,437.1095,856.16486,191.25803,260.75934,796.5149,177.81587,446.00903,854.02985,190.21782,265.12323,788.84045,177.54323,446.05304,582.3158,324.71564,-76.49678,546.9932,282.35117,76.16653,402.21545,176.87636,-166.8805,362.74487,137.20268,-58.953705,215.71721,411.59915,-234.46126,202.09349,323.75284,-127.104614,204.37404,447.45688,-242.40549,186.60883,366.1384,-134.65117,92.60084,383.07904,-347.953,73.89646,298.2425,-217.9656
038.png,804.2453,166.96417,146.64377,823.76733,161.89091,137.26543,829.2436,164.27972,137.0252,834.27985,166.38506,137.05705,807.15,156.77827,168.78854,802.4965,155.93857,168.22798,797.31573,155.2365,167.87642,841.861,184.56921,130.38339,794.36255,172.78925,278.6711,807.8234,185.98553,146.63335,792.0071,178.56139,186.65364,830.0898,262.32703,89.31377,718.1994,207.54478,300.06207,885.73395,132.72455,97.66587,683.18713,95.210594,398.9177,833.3361,150.89458,349.14807,780.6979,155.61041,473.1942,829.38824,146.50755,366.37613,809.2267,153.83911,461.2331,824.11304,156.71045,356.32513,804.1692,168.15706,475.53906,821.4072,163.12912,350.86768,793.6491,172.65938,474.7467,595.64166,321.84222,-74.12857,555.4751,274.82437,73.7103,414.4387,177.0767,-156.75381,372.0847,141.2722,-76.68829,221.07991,401.63504,-223.00943,207.6429,320.78223,-145.70808,212.13701,444.9907,-229.1509,188.95607,365.20258,-152.32755,98.17792,377.19025,-322.7171,71.15835,286.62753,-227.22598
039.png,790.4226,165.94115,173.81284,807.87213,161.291,162.95518,812.4709,164.6346,162.68938,816.75824,167.83159,162.70366,797.3072,155.28159,192.04034,794.6471,154.04611,191.45125,791.8346,152.71176,191.04535,827.4932,182.71507,154.5499,792.44824,165.09637,291.88547,792.5885,179.65866,174.07295,781.2398,173.76692,210.80872,843.8241,249.66602,118.669395,711.7875,205.62581,298.55646,871.8921,109.95151,138.08592,705.80176,90.694824,404.74155,851.12103,165.48746,381.9049,787.7916,157.81163,506.9976,850.7005,169.02162,401.1703,811.33356,162.79175,497.8775,844.53687,184.13258,380.6944,808.7969,171.99048,510.28104,841.75183,186.13852,378.5969,800.9916,172.9523,508.0957,597.90094,319.1159,-63.98964,554.3983,275.52347,63.515625,418.34952,185.12811,-177.67839,370.50522,141.86534,-100.40599,218.61664,412.93604,-244.96121,201.37119,323.85446,-175.61505,213.70561,447.64087,-250.22935,189.53716,371.03882,-182.03813,90.44698,405.36853,-341.406,66.22574,300.91107,-258.33707
040.png,848.35443,205.37625,132.33467,863.3266,203.91682,120.75699,868.38367,206.30215,120.460724,873.0265,208.36774,120.40368,853.022,198.85524,149.16875,851.04346,197.65833,148.57303,848.3609,196.46913,148.1779,883.65063,221.08437,112.610504,850.94354,208.6778,247.2281,852.86206,215.62666,133.31133,841.7345,209.2299,169.11494,876.07416,270.67108,73.33693,760.8503,231.82903,272.91205,951.1836,138.74544,69.54194,752.86633,123.44784,374.02292,905.44226,198.82333,271.46182,819.5875,202.93358,441.8048,898.2883,206.04852,280.22443,836.55615,222.95398,430.82703,891.66547,214.24658,267.06293,836.77216,226.672,438.9058,890.596,212.48717,269.9013,832.1875,220.98326,440.8708,619.7996,313.54855,-63.35137,581.3599,278.5852,62.85956,428.38107,183.65932,-146.42674,384.63095,152.20235,-87.67133,247.29128,365.80774,-201.28671,213.11024,318.8272,-160.89755,256.14636,401.62265,-205.36737,193.6852,338.0361,-167.33806,140.23215,390.74814,-287.3558,93.502426,308.71594,-251.44763
041.png,793.4139,151.32657,124.70511,811.0316,142.12538,108.12642,815.91113,145.95905,107.91874,820.90295,149.48875,107.92795,803.7751,135.61028,141.06146,802.5409,134.27998,140.47499,801.13666,132.8657,140.06532,839.474,166.78146,88.4601,805.22784,163.9443,242.32559,796.2488,172.06747,122.63805,785.4806,163.69817,164.42316,839.4069,236.38199,52.152615,718.38855,207.30728,267.4801,811.3453,107.50049,44.539032,691.5617,91.8331,326.51562,840.0176,159.39764,233.57042,782.94214,155.0535,378.3182,847.23694,164.93358,243.04062,802.6301,168.09193,371.179,844.0421,192.2037,225.97905,801.6494,176.8269,382.9032,838.1086,189.75954,231.02866,796.37115,173.63089,379.2658,598.2223,318.2756,-71.830986,561.2433,284.25116,71.45263,402.34894,182.84674,-167.78578,372.279,155.47801,-87.259514,208.60782,408.0274,-258.10342,193.74919,335.42538,-159.07068,203.81929,447.14346,-268.06543,174.55605,372.01434,-165.94046,90.43435,400.45154,-369.3501,59.891857,310.2254,-243.83755
042.png,847.29114,182.0371,106.35755,866.5994,180.44933,94.30861,871.5474,184.31929,94.008965,876.1477,187.62361,93.98471,855.05505,172.76921,125.32082,852.78955,171.56836,124.78465,850.8541,170.40974,124.43235,886.4829,201.74046,83.78111,854.6916,184.80856,230.26122,847.5359,200.21266,105.51209,835.09814,192.51123,144.29776,874.85846,269.1897,50.59811,759.2206,219.17995,256.1561,926.5909,132.7322,65.972755,743.17523,106.35131,365.38586,903.2037,182.554,292.68375,826.23785,178.72174,438.12915,901.3314,186.06827,309.1969,849.5105,188.65018,421.3921,896.57025,197.20122,283.1128,847.0078,196.68826,434.51636,894.54736,197.01056,287.40317,840.8248,195.14536,438.98685,619.19867,320.2535,-75.846344,581.8497,275.68762,75.53052,445.65042,193.16864,-161.3334,394.77747,157.01208,-88.2371,232.94736,394.8443,-228.69626,215.29755,322.9097,-147.72919,218.85791,439.88193,-235.5483,195.90071,359.8205,-154.34933,134.58376,371.7939,-326.948,92.9584,273.3121,-228.19862
043.png,813.635,147.72339,102.96284,828.24084,142.46718,90.992386,832.8897,144.88667,90.72929,837.50195,147.29506,90.709946,819.75433,139.14752,123.69764,818.0487,138.92627,123.20354,816.50244,138.50781,122.90077,854.2621,162.86711,81.68078,821.99713,149.72466,235.90623,817.76337,163.3678,102.57121,805.7987,159.38168,144.13986,864.77734,239.09033,57.538452,745.87537,208.41151,260.19202,871.6252,126.66467,65.434784,713.1981,98.545425,257.3778,868.30035,160.97876,275.15753,797.836,162.63829,194.49596,864.7869,161.9571,289.67285,816.343,173.81891,163.03047,862.79443,175.19505,272.1023,815.6098,180.71394,183.58743,862.87616,177.34447,273.47424,810.62756,179.49986,196.11273,637.16077,319.80728,-83.3198,597.4039,277.58582,82.998314,443.94705,201.9376,-173.99123,400.89014,168.54718,-73.15519,245.90672,380.66663,-253.4889,213.4705,318.0147,-144.02971,220.61174,427.2766,-262.20877,191.96353,357.7333,-153.02092,166.20305,362.01956,-346.7157,121.77259,262.52008,-222.70152
044.png,803.3378,154.08261,107.51261,821.7014,149.05797,96.40328,827.5739,152.87059,96.02623,833.4479,156.67712,95.964325,813.802,142.71875,128.66492,813.3673,141.65761,128.13345,812.5263,140.67986,127.78776,852.09607,174.76404,88.212845,819.9237,158.39378,240.57861,806.33954,174.60675,107.02026,796.91547,164.98332,147.03745,848.19305,252.097,38.99254,731.61993,205.72559,269.86597,826.9186,121.9511,65.78319,706.19836,96.19261,348.26337,867.67566,180.11485,290.66135,793.0802,157.25984,387.52643,872.26794,184.8389,309.999,815.9591,171.25406,366.6737,867.9978,196.66797,279.4612,817.0265,175.92943,384.95004,864.5114,195.88333,285.07443,808.9449,174.32776,389.3055,620.04565,323.73822,-84.52777,581.1297,281.40463,84.18752,439.0912,190.2312,-164.79404,380.2575,155.58916,-67.95633,227.96298,393.81808,-255.85895,191.58046,305.31442,-152.72462,208.24818,444.26248,-264.67038,184.15349,358.01697,-162.05396,120.37684,377.24054,-363.32507,94.658394,271.40982,-243.39583
045.png,787.0417,139.8507,126.5468,806.015,131.70638,123.64613,812.55835,134.92815,123.355415,818.96075,138.02827,123.38347,793.44507,125.315704,153.62378,790.51086,123.23575,153.19028,788.05194,121.20938,153.0123,837.8195,150.6389,136.91287,794.6905,130.12572,276.822,794.1657,159.49301,132.64967,773.791,152.79715,169.47711,844.1047,234.26382,96.51251,734.6579,184.67494,312.98874,847.0015,147.81245,107.464134,676.4952,87.74903,367.8721,855.55133,150.38937,327.79373,779.49274,130.11372,391.0227,856.5545,142.90398,346.81567,802.33075,132.20178,369.47455,855.02985,153.64597,334.2016,801.44604,143.89124,397.64258,852.54553,158.4356,329.2821,795.5999,146.04602,396.77963,626.13727,312.7374,-87.73567,595.18414,269.87283,87.37096,433.627,187.98987,-128.68149,378.1662,153.16025,-13.823274,245.11038,367.8097,-222.9466,213.49257,318.45288,-114.48598,231.32503,416.6969,-231.79594,197.31763,365.355,-128.01346,164.60234,351.10425,-317.25632,111.079506,278.07324,-213.98936
046.png,810.9636,148.7213,106.83779,827.4013,146.06908,95.57481,832.1996,149.3212,95.23655,836.8443,152.34349,95.20336,818.63763,140.90204,127.485306,816.9942,139.88228,127.014275,815.333,138.89307,126.75948,852.01996,170.53658,84.70205,818.5249,153.58371,234.28117,813.571,167.14227,104.82847,803.2186,160.03534,144.43669,851.11346,248.76694,53.14004,740.90826,207.96321,265.86697,854.0165,126.87709,87.785065,711.922,101.3858,366.06067,868.20123,177.44618,309.79517,791.7623,163.28291,398.42612,864.65717,179.0263,327.29327,815.04755,170.73676,377.11087,865.5396,194.24959,299.1514,812.4417,180.15237,390.25723,861.7569,195.30734,304.24307,805.2841,180.64839,398.47394,629.8115,308.98724,-79.97994,591.6316,271.4729,79.66561,446.47153,197.1312,-163.81075,396.4567,157.941,-62.97905,254.50671,371.3453,-252.19194,229.52676,308.49927,-151.51743,231.77757,403.98187,-260.6032,213.44324,354.48,-162.56947,173.62097,358.35687,-349.81775,161.18623,272.93524,-246.53929
047.png,817.6499,153.78578,102.88762,834.9305,150.85532,89.97375,840.3473,154.89624,89.66242,845.38934,158.62473,89.64328,825.2184,143.57817,124.86157,823.23047,141.96422,124.389175,821.3891,140.44342,124.13325,861.77423,173.86678,74.28726,829.2004,152.32391,238.36102,821.3627,172.57893,99.59946,807.4596,163.84537,143.31813,856.7357,254.61665,33.06407,748.64136,211.5973,276.65652,856.98206,145.35393,44.338787,710.9282,103.16767,346.68195,882.2409,180.32494,256.60397,793.36707,162.31656,343.6527,882.80444,181.0424,271.1759,813.46173,168.83266,318.78653,880.89026,194.93422,251.59167,812.7308,178.56592,336.1063,878.8487,194.61035,254.85677,806.27405,178.15593,344.44812,629.2635,308.72958,-88.66147,593.8942,275.39197,88.37315,442.01526,192.83926,-165.0689,393.14523,152.25082,-41.155807,250.13979,362.53278,-248.45703,230.26372,307.6175,-130.83813,233.97926,408.78186,-256.55194,207.5169,354.43903,-142.031,169.89677,338.63367,-347.0922,139.89597,258.82404,-225.6823
048.png,766.5275,121.28813,111.32201,782.5578,110.66217,101.06688,786.7673,112.20514,100.73818,790.7616,113.70215,100.72639,775.89435,106.27393,133.09506,775.23193,105.042984,132.60579,774.3371,103.837524,132.38512,810.5642,122.225044,93.948204,787.5698,112.87585,242.64433,771.2388,139.23036,111.99608,763.759,133.38852,150.92163,830.32336,206.7156,22.426952,738.8531,166.4535,298.5414,767.05145,117.16373,7.189213,664.01953,81.7067,353.4578,833.5469,146.14731,152.67781,767.2562,111.222885,369.08258,848.5085,141.8758,162.38867,792.92365,119.733505,352.89066,851.51117,156.79984,141.92683,791.7038,128.4649,374.7921,844.3214,156.52347,150.81946,788.75806,129.86539,372.58115,621.4669,303.61554,-102.72431,593.6783,268.4784,102.35005,440.61472,185.01083,-163.78104,388.43076,142.5377,-37.462032,249.20038,376.3602,-274.13507,240.67192,313.14496,-166.3614,224.63725,430.13284,-284.80978,212.15883,363.6908,-181.41257,146.78807,345.07593,-366.7723,116.900154,280.83612,-255.68158
049.png,829.9764,182.98091,142.2316,847.4578,176.09888,130.13535,852.324,178.23372,129.8066,856.9906,179.97206,129.79625,838.4865,171.47914,159.31299,836.9691,170.56995,158.81496,835.23346,169.62862,158.54869,870.76025,192.38213,115.68771,841.28625,184.54701,254.74281,832.2441,197.36938,140.57399,823.8035,191.4988,176.8464,874.17346,253.71548,63.671173,760.016,219.11047,286.91934,899.63116,118.61743,94.4547,743.2261,106.77356,407.62872,888.1662,169.42374,334.05624,824.9613,169.91539,490.7201,886.6964,171.59601,353.45633,846.5946,178.92189,476.78888,884.3699,183.20052,325.26968,845.275,184.92874,489.97516,881.09344,184.71185,329.04367,839.6646,184.64072,492.0537,642.9841,305.2237,-84.09265,604.6267,270.82254,83.72509,453.8147,197.12682,-182.57036,415.11572,167.28877,-47.07578,254.91667,372.29214,-295.58652,238.147,308.74106,-183.79713,221.70905,417.27155,-306.68344,212.35968,352.50003,-199.09319,173.19502,338.53247,-393.8753,142.64803,256.6603,-277.23285
050.png,789.3006,185.26108,178.81483,801.38513,181.68109,168.79008,805.9296,184.42793,168.51437,809.9319,187.35071,168.47073,798.4407,180.6077,198.4442,797.93616,180.89072,197.8673,796.5379,180.57649,197.51773,814.8802,210.62306,156.33253,786.7924,197.42575,295.3815,785.7542,191.28798,177.26833,773.5306,185.31038,214.574,826.6678,249.31793,102.04514,712.4452,219.07501,283.5161,822.52026,103.38235,77.06324,697.066,103.06786,294.08572,844.37805,188.01894,248.48892,781.30115,176.82872,300.10327,847.2329,196.69618,258.0418,794.96655,193.79254,283.85645,837.4824,208.63702,242.60135,791.7051,202.2303,293.98108,836.07886,205.47765,246.05855,794.91675,192.10228,298.27972,580.551,309.82675,-50.456284,540.4698,275.98807,49.92357,411.93915,166.81448,-147.83087,356.4528,123.507996,-36.781277,243.90594,414.1241,-281.93005,224.27051,321.80484,-100.44321,243.24443,458.33887,-295.75507,216.0307,361.4666,-105.36906,115.82216,419.16003,-403.3725,91.61847,299.9466,-177.38528
051.png,206.33694,371.86642,-78.25112,194.45177,377.88785,-63.97692,194.74532,378.50742,-64.32714,194.9932,379.06058,-64.34569,192.75664,379.81882,-103.440285,192.07784,381.7655,-103.83539,191.31349,383.67056,-104.0226,198.20425,392.59467,21.79343,194.27382,396.48657,-158.31056,219.89511,374.3437,-40.564125,218.637,376.66058,-94.853676,290.40613,379.94095,148.87273,260.95523,427.45935,-227.47699,276.55417,288.99808,305.9226,232.88312,329.05835,-221.23546,221.79013,361.24332,403.9428,202.57582,383.70544,-44.539314,211.85323,378.1756,423.59677,189.10916,404.68228,-54.206932,213.15834,384.16437,423.7505,194.71422,409.56152,-66.16027,219.6747,376.35318,405.08844,201.35637,403.81793,-46.073265,489.2703,379.74686,123.96224,493.84576,411.35953,-124.135025,617.97906,285.1644,151.95773,621.8497,297.40768,-100.204895,710.463,396.95987,214.97223,714.7406,422.1243,-34.30254,705.105,429.3873,216.67773,707.55164,448.17206,-25.645504,781.4821,404.1421,173.94742,801.91156,431.17807,-57.88346
052.png,241.23257,326.3211,2.346078,230.64336,322.61487,12.595786,230.8988,322.12787,12.290364,231.29518,321.46335,12.256076,228.00064,326.62985,-28.049183,226.40012,329.14972,-28.361887,224.80975,331.46225,-28.491058,223.80714,338.59448,84.10063,216.60608,347.53696,-101.78747,252.06941,336.15347,35.20277,249.64215,339.62164,-20.503359,284.71484,360.17087,177.92464,267.61603,418.61652,-177.81268,326.87793,274.92697,229.83537,301.95148,322.82004,-239.27667,243.39497,332.0494,220.54199,228.42949,347.30753,-137.576,223.56218,344.75073,222.4246,208.76009,361.14383,-154.38225,221.0995,351.54752,241.06459,209.9798,370.3162,-165.33336,228.96884,348.3408,226.11136,215.4096,367.72708,-139.18126,482.59418,379.49988,114.18751,485.71982,416.64548,-114.47567,609.6443,283.15408,123.39226,616.565,296.82547,-109.338005,701.21124,395.6274,186.62627,708.69574,422.10394,-69.99851,695.83777,423.4329,190.20839,701.13586,446.55518,-62.45082,764.5134,401.51297,172.76755,788.19586,431.87195,-71.904274
053.png,299.54297,287.21286,91.4161,289.61386,283.08286,103.73432,289.18216,283.573,103.49329,288.6294,283.87326,103.487785,287.83224,285.38342,61.01564,286.1441,287.60504,60.722652,284.08115,290.1626,60.640514,276.74493,298.66418,171.02077,271.5543,306.7877,-23.087727,305.80722,298.52042,121.67923,303.75653,300.66138,63.819744,317.71295,330.75418,242.82338,301.41278,391.4582,-139.38026,391.4432,260.24667,155.0954,381.25778,304.0484,-244.40652,305.31522,292.83893,-18.37514,292.69928,304.82614,-163.70839,283.17758,296.9921,-39.84934,270.74475,306.27444,-186.5752,279.29727,309.0573,-10.900264,268.2206,319.81216,-188.10425,295.15137,321.43076,-13.200343,275.19266,319.71014,-161.73706,495.24686,385.39294,132.07458,494.38544,421.9217,-132.48064,623.7879,285.66168,111.56987,628.1153,297.53235,-150.92336,712.887,397.48715,214.30272,721.4521,421.53287,-129.84653,709.4954,427.08023,223.48013,715.1126,449.378,-123.92703,769.72174,397.3392,215.67432,794.0898,430.2475,-142.05054
054.png,201.61266,379.38843,-87.831184,191.3677,388.2242,-72.88411,191.96364,389.3523,-73.243774,192.54892,390.43198,-73.25144,189.15916,388.96912,-112.03316,188.37366,390.44995,-112.43115,187.49356,391.9367,-112.612274,197.10959,402.68942,15.0719595,191.87932,404.86966,-163.54604,216.27489,380.71042,-49.582264,215.12346,381.21982,-103.51748,288.51364,384.8877,139.21779,263.46487,434.9633,-232.57884,266.1723,297.70984,271.04953,227.78755,340.58795,-218.77412,214.09128,375.03467,332.56567,197.64067,392.89633,-28.925442,205.72905,394.96783,346.25854,185.13734,415.80817,-36.651035,205.48296,398.4473,347.46838,189.95296,419.2062,-49.74432,212.30798,390.3246,333.396,195.70554,412.99222,-30.426735,492.40027,384.2301,123.04961,498.38162,415.1717,-123.24663,618.9327,294.12567,160.62242,624.6365,306.516,-114.31961,716.739,401.78293,226.29454,721.0541,426.92026,-37.642586,713.36957,434.06177,227.84752,712.38666,453.24124,-27.659136,790.12726,406.2269,186.8291,807.1131,436.64206,-54.96088
055.png,203.11137,383.29056,-96.09163,192.48334,390.76303,-80.125885,192.96417,391.38342,-80.48107,193.4424,391.93707,-80.48649,191.0008,392.68604,-119.59729,190.58054,394.66214,-119.986244,190.08592,396.70905,-120.17226,199.4007,404.9942,11.389955,195.85892,409.95712,-168.40974,218.07336,383.56866,-56.661896,216.99866,385.54895,-110.94387,294.47714,385.70963,137.60007,267.02795,440.87607,-233.864,279.12057,295.84512,264.1529,234.12955,344.40686,-218.9261,222.21872,371.06375,322.19876,204.85922,392.4922,-32.219227,211.66225,391.7028,336.19116,190.11497,415.22433,-40.838207,211.92139,396.02267,338.3856,195.06404,420.59402,-52.727436,219.37567,386.4497,323.42117,202.55762,413.34137,-33.335735,494.77078,389.65967,122.94218,501.07864,422.15936,-123.07002,619.9037,294.679,161.39418,627.3406,309.05884,-110.522705,715.7885,406.46295,230.1424,720.21106,431.84674,-31.924803,713.45483,437.78598,232.014,712.8653,458.0101,-21.8686,787.5678,414.07358,189.13531,804.7966,444.4228,-51.77835
056.png,309.9032,275.25098,65.602165,300.44052,269.65308,79.568565,299.91364,269.51776,79.316,299.35312,269.228,79.28972,298.4721,272.6596,37.250694,296.44687,274.8711,37.00666,294.31656,277.43762,36.92787,285.852,282.23065,154.06232,281.79117,292.88547,-38.53606,316.25104,287.61426,98.089134,313.55356,290.767,40.67582,323.2805,326.00806,232.23079,312.45273,379.2495,-139.0953,405.3055,258.26968,169.61104,394.7905,293.97165,-262.67365,310.78452,283.30618,24.02164,300.26315,291.6651,-221.60869,288.56268,286.14026,6.7773714,278.47598,293.42947,-249.7814,285.0783,296.65652,34.74415,276.00937,306.17468,-251.47214,294.27075,297.05252,29.852755,282.89212,306.63766,-221.06497,493.85034,386.50125,127.936325,496.57938,421.58923,-128.31488,619.6804,288.02423,127.64236,625.24536,299.83597,-152.47623,709.786,399.14767,206.02257,722.28564,422.95004,-127.57336,705.25134,429.41702,212.04402,712.0408,452.65625,-121.59266,765.7771,394.08826,192.22882,795.4223,433.84653,-144.88063
057.png,206.24106,371.7504,-88.15337,195.06087,379.44406,-71.810936,195.32497,380.39023,-72.17152,195.56104,381.242,-72.182274,194.10933,381.4002,-113.871155,193.83731,383.84525,-114.26331,193.46844,386.56186,-114.448135,201.66664,395.09183,18.583275,199.18571,401.3662,-172.38058,221.01447,372.43472,-49.167698,219.7802,374.79312,-106.63013,299.0424,374.93777,143.45404,271.7537,430.68042,-242.03993,280.4103,289.57156,276.83673,242.00026,337.64426,-220.36427,228.41422,364.03525,341.18747,210.83194,386.45206,-17.795368,216.49547,381.41013,356.0822,195.81345,405.94904,-25.112116,218.28404,385.50537,357.11154,199.72496,412.06305,-37.517105,225.68936,378.01312,341.69315,207.16376,406.26886,-18.73964,498.99197,380.6059,126.86772,505.21457,413.8972,-126.98459,627.456,286.58093,158.5424,632.0525,301.89996,-105.37998,718.30914,397.30197,227.95291,726.6367,422.60522,-20.720915,713.38904,431.7476,230.11095,718.1692,450.66876,-10.387342,787.2192,402.14218,189.5181,812.84875,435.51178,-40.569607
058.png,207.06854,382.06802,-91.63349,196.578,390.24677,-75.96498,197.2543,390.81076,-76.33822,197.99649,391.33282,-76.34716,194.6766,392.29178,-114.32357,194.26926,394.23615,-114.718834,193.88425,396.2131,-114.90597,202.9014,402.77414,14.607206,198.6122,407.8846,-159.96555,220.70395,382.46838,-52.650757,219.96295,384.235,-105.41478,296.86423,386.77905,134.08534,267.7412,440.6449,-222.85043,281.1851,299.05173,248.14893,234.40105,346.83444,-213.10493,224.06499,372.57556,292.37115,203.07895,395.6111,-38.193527,213.83746,390.76413,302.47,189.47063,416.72446,-47.618427,215.26425,392.5034,306.04535,193.78392,421.8226,-62.145035,220.17247,386.76498,293.63565,200.30318,414.31134,-40.775272,496.91943,389.74725,117.675285,503.58835,422.22324,-117.84922,618.95447,296.81073,165.05255,628.15295,310.9372,-108.77905,717.204,408.4362,227.49628,722.81793,434.4528,-37.096138,714.4857,440.33075,228.52869,715.48285,460.86346,-27.838823,787.2894,409.89822,183.96127,809.0014,445.36856,-60.841457
059.png,216.121,370.35922,-93.1023,203.2199,375.22107,-77.45201,203.86913,374.64502,-77.80357,204.52051,373.99115,-77.826546,200.833,378.91925,-115.41355,200.04497,380.8709,-115.798065,199.21736,382.5765,-115.99718,208.08644,384.9909,14.412724,202.24994,392.42288,-158.39668,228.54565,370.92133,-53.605583,227.13516,374.85516,-105.8305,301.1432,380.953,134.10509,267.5596,436.83133,-219.49655,291.68433,288.16095,241.39386,244.60403,341.31406,-214.89209,228.7508,357.58206,276.0185,206.30241,381.73987,-39.47329,214.4669,375.56543,285.0757,190.22444,402.5544,-47.586582,216.22092,379.75168,289.2564,196.20213,409.37646,-58.73035,222.89131,373.63916,277.30545,204.53563,401.61523,-40.462578,497.16977,385.0997,116.70629,503.2284,418.2623,-116.90987,618.62164,289.26486,146.07375,626.18,304.9357,-109.24051,715.26416,400.99527,196.60756,719.0039,426.06537,-47.72361,708.87274,433.99667,196.90427,710.0204,453.90967,-39.314613,790.504,415.32684,150.15709,806.40045,439.0816,-72.43894
060.png,252.01329,335.53378,-18.948778,239.20285,334.56256,-8.122331,239.65291,333.96805,-8.440038,240.16208,333.3167,-8.487826,236.57756,338.47614,-48.37078,235.31137,340.57428,-48.684505,233.97284,342.62286,-48.831287,235.22664,348.92957,65.91102,229.59932,356.80103,-117.53367,264.80362,342.74216,14.754962,263.755,346.63687,-40.27441,296.18018,364.70242,162.08717,279.9665,425.2093,-185.90025,332.90726,276.74765,243.552,308.84686,331.77872,-239.41783,247.94093,339.85458,265.76126,230.58911,358.3079,-134.87587,229.2381,351.60022,271.80444,210.17542,371.4386,-151.05835,229.0684,359.1242,286.85394,214.29242,379.94235,-163.10391,236.89444,355.38904,270.76727,220.48701,378.57712,-137.14175,495.12698,383.49283,110.673065,498.47214,422.45425,-110.93588,622.1705,287.36368,115.598434,629.43823,300.16302,-99.76888,714.2418,399.36862,172.8778,719.2982,423.25903,-56.166565,706.44305,427.93994,175.56442,709.6744,449.0194,-48.27035,781.92285,407.6864,151.72086,801.1914,434.61996,-59.82375
