001.png,286.31412,176.06279,32.20895,288.07275,164.43185,4.1864624,289.3446,164.65805,4.037743,290.37866,164.87389,4.074547,288.74878,164.2898,40.880722,290.90118,164.09752,40.56677,293.54004,163.6725,40.418633,307.1322,168.59576,-83.69676,314.2931,163.85931,82.9682,292.26437,187.81798,4.704673,293.9678,187.76395,51.347076,327.06964,237.58153,-150.73312,344.3214,228.86165,174.21515,245.66609,285.72757,-143.55739,289.53708,261.90994,295.4403,283.8986,198.86389,42.189182,289.1109,208.7057,383.52274,288.9556,180.21533,51.352173,297.56628,207.3107,404.1293,299.5365,184.52982,48.663902,305.02902,203.23438,404.27893,300.0563,193.0147,47.25217,305.5247,198.74002,382.82184,292.92358,379.83444,-107.15253,303.53784,357.072,107.09835,197.68202,268.5916,-87.94421,215.42285,247.32455,116.68406,160.14711,379.2311,62.98826,168.77058,372.7318,80.664925,166.66292,401.88882,81.522865,173.35991,396.3152,77.68436,100.31665,384.74557,110.47584,107.287315,382.08496,82.22864
002.png,286.31412,176.06279,32.20895,288.07275,164.43185,4.1864624,289.3446,164.65805,4.037743,290.37866,164.87389,4.074547,288.74878,164.2898,40.880722,290.90118,164.09752,40.56677,293.54004,163.6725,40.418633,307.1322,168.59576,-83.69676,314.2931,163.85931,82.9682,292.26437,187.81798,4.704673,293.9678,187.76395,51.347076,327.06964,237.58153,-150.73312,344.3214,228.86165,174.21515,245.66609,285.72757,-143.55739,289.53708,261.90994,295.4403,283.8986,198.86389,42.189182,289.1109,208.7057,383.52274,288.9556,180.21533,51.352173,297.56628,207.3107,404.1293,299.5365,184.52982,48.663902,305.02902,203.23438,404.27893,300.0563,193.0147,47.25217,305.5247,198.74002,382.82184,292.92358,379.83444,-107.15253,303.53784,357.072,107.09835,197.68202,268.5916,-87.94421,215.42285,247.32455,116.68406,160.14711,379.2311,62.98826,168.77058,372.7318,80.664925,166.66292,401.88882,81.522865,173.35991,396.3152,77.68436,100.31665,384.74557,110.47584,107.287315,382.08496,82.22864
003.png,277.9264,194.59227,6.4555626,278.96893,183.2044,-24.56472,280.89703,183.437,-24.757269,282.45132,183.6977,-24.69769,278.71826,181.49165,11.811602,280.5579,180.24666,11.403006,282.47928,178.79437,11.262535,299.13104,183.04764,-122.80512,300.63577,176.32483,42.980614,287.99905,205.54759,-23.923794,287.31033,205.08003,22.27438,337.5961,243.0335,-184.72705,355.18298,214.41335,139.55353,276.62198,316.69165,-138.59535,289.18936,276.18683,246.6259,287.30746,224.04364,58.258976,292.86737,220.46825,289.0412,282.16885,205.11728,62.20098,294.15323,201.01047,299.6932,291.68442,200.47987,55.45607,302.5436,198.36598,296.6957,295.0519,208.4209,61.663174,302.1595,205.22859,286.03183,349.8697,392.79083,-106.174255,362.9923,365.92468,106.05926,228.43437,283.15543,-90.48425,252.70757,254.34099,118.36989,166.74309,381.45724,120.395164,194.16663,377.66898,118.68327,169.54254,400.11804,145.71977,200.87434,381.27286,121.09689,103.62897,387.12936,185.70084,137.87993,377.39307,135.03284
004.png,277.9264,194.59227,6.4555626,278.96893,183.2044,-24.56472,280.89703,183.437,-24.757269,282.45132,183.6977,-24.69769,278.71826,181.49165,11.811602,280.5579,180.24666,11.403006,282.47928,178.79437,11.262535,299.13104,183.04764,-122.80512,300.63577,176.32483,42.980614,287.99905,205.54759,-23.923794,287.31033,205.08003,22.27438,337.5961,243.0335,-184.72705,355.18298,214.41335,139.55353,276.62198,316.69165,-138.59535,289.18936,276.18683,246.6259,287.30746,224.04364,58.258976,292.86737,220.46825,289.0412,282.16885,205.11728,62.20098,294.15323,201.01047,299.6932,291.68442,200.47987,55.45607,302.5436,198.36598,296.6957,295.0519,208.4209,61.663174,302.1595,205.22859,286.03183,349.8697,392.79083,-106.174255,362.9923,365.92468,106.05926,228.43437,283.15543,-90.48425,252.70757,254.34099,118.36989,166.74309,381.45724,120.395164,194.16663,377.66898,118.68327,169.54254,400.11804,145.71977,200.87434,381.27286,121.09689,103.62897,387.12936,185.70084,137.87993,377.39307,135.03284
005.png,277.9264,194.59227,6.4555626,278.96893,183.2044,-24.56472,280.89703,183.437,-24.757269,282.45132,183.6977,-24.69769,278.71826,181.49165,11.811602,280.5579,180.24666,11.403006,282.47928,178.79437,11.262535,299.13104,183.04764,-122.80512,300.63577,176.32483,42.980614,287.99905,205.54759,-23.923794,287.31033,205.08003,22.27438,337.5961,243.0335,-184.72705,355.18298,214.41335,139.55353,276.62198,316.69165,-138.59535,289.18936,276.18683,246.6259,287.30746,224.04364,58.258976,292.86737,220.46825,289.0412,282.16885,205.11728,62.20098,294.15323,201.01047,299.6932,291.68442,200.47987,55.45607,302.5436,198.36598,296.6957,295.0519,208.4209,61.663174,302.1595,205.22859,286.03183,349.8697,392.79083,-106.174255,362.9923,365.92468,106.05926,228.43437,283.15543,-90.48425,252.70757,254.34099,118.36989,166.74309,381.45724,120.395164,194.16663,377.66898,118.68327,169.54254,400.11804,145.71977,200.87434,381.27286,121.09689,103.62897,387.12936,185.70084,137.87993,377.39307,135.03284
006.png,277.9264,194.59227,6.4555626,278.96893,183.2044,-24.56472,280.89703,183.437,-24.757269,282.45132,183.6977,-24.69769,278.71826,181.49165,11.811602,280.5579,180.24666,11.403006,282.47928,178.79437,11.262535,299.13104,183.04764,-122.80512,300.63577,176.32483,42.980614,287.99905,205.54759,-23.923794,287.31033,205.08003,22.27438,337.5961,243.0335,-184.72705,355.18298,214.41335,139.55353,276.62198,316.69165,-138.59535,289.18936,276.18683,246.6259,287.30746,224.04364,58.258976,292.86737,220.46825,289.0412,282.16885,205.11728,62.20098,294.15323,201.01047,299.6932,291.68442,200.47987,55.45607,302.5436,198.36598,296.6957,295.0519,208.4209,61.663174,302.1595,205.22859,286.03183,349.8697,392.79083,-106.174255,362.9923,365.92468,106.05926,228.43437,283.15543,-90.48425,252.70757,254.34099,118.36989,166.74309,381.45724,120.395164,194.16663,377.66898,118.68327,169.54254,400.11804,145.71977,200.87434,381.27286,121.09689,103.62897,387.12936,185.70084,137.87993,377.39307,135.03284
007.png,277.9264,194.59227,6.4555626,278.96893,183.2044,-24.56472,280.89703,183.437,-24.757269,282.45132,183.6977,-24.69769,278.71826,181.49165,11.811602,280.5579,180.24666,11.403006,282.47928,178.79437,11.262535,299.13104,183.04764,-122.80512,300.63577,176.32483,42.980614,287.99905,205.54759,-23.923794,287.31033,205.08003,22.27438,337.5961,243.0335,-184.72705,355.18298,214.41335,139.55353,276.62198,316.69165,-138.59535,289.18936,276.18683,246.6259,287.30746,224.04364,58.258976,292.86737,220.46825,289.0412,282.16885,205.11728,62.20098,294.15323,201.01047,299.6932,291.68442,200.47987,55.45607,302.5436,198.36598,296.6957,295.0519,208.4209,61.663174,302.1595,205.22859,286.03183,349.8697,392.79083,-106.174255,362.9923,365.92468,106.05926,228.43437,283.15543,-90.48425,252.70757,254.34099,118.36989,166.74309,381.45724,120.395164,194.16663,377.66898,118.68327,169.54254,400.11804,145.71977,200.87434,381.27286,121.09689,103.62897,387.12936,185.70084,137.87993,377.39307,135.03284
008.png,277.9264,194.59227,6.4555626,278.96893,183.2044,-24.56472,280.89703,183.437,-24.757269,282.45132,183.6977,-24.69769,278.71826,181.49165,11.811602,280.5579,180.24666,11.403006,282.47928,178.79437,11.262535,299.13104,183.04764,-122.80512,300.63577,176.32483,42.980614,287.99905,205.54759,-23.923794,287.31033,205.08003,22.27438,337.5961,243.0335,-184.72705,355.18298,214.41335,139.55353,276.62198,316.69165,-138.59535,289.18936,276.18683,246.6259,287.30746,224.04364,58.258976,292.86737,220.46825,289.0412,282.16885,205.11728,62.20098,294.15323,201.01047,299.6932,291.68442,200.47987,55.45607,302.5436,198.36598,296.6957,295.0519,208.4209,61.663174,302.1595,205.22859,286.03183,349.8697,392.79083,-106.174255,362.9923,365.92468,106.05926,228.43437,283.15543,-90.48425,252.70757,254.34099,118.36989,166.74309,381.45724,120.395164,194.16663,377.66898,118.68327,169.54254,400.11804,145.71977,200.87434,381.27286,121.09689,103.62897,387.12936,185.70084,137.87993,377.39307,135.03284
009.png,277.9264,194.59227,6.4555626,278.96893,183.2044,-24.56472,280.89703,183.437,-24.757269,282.45132,183.6977,-24.69769,278.71826,181.49165,11.811602,280.5579,180.24666,11.403006,282.47928,178.79437,11.262535,299.13104,183.04764,-122.80512,300.63577,176.32483,42.980614,287.99905,205.54759,-23.923794,287.31033,205.08003,22.27438,337.5961,243.0335,-184.72705,355.18298,214.41335,139.55353,276.62198,316.69165,-138.59535,289.18936,276.18683,246.6259,287.30746,224.04364,58.258976,292.86737,220.46825,289.0412,282.16885,205.11728,62.20098,294.15323,201.01047,299.6932,291.68442,200.47987,55.45607,302.5436,198.36598,296.6957,295.0519,208.4209,61.663174,302.1595,205.22859,286.03183,349.8697,392.79083,-106.174255,362.9923,365.92468,106.05926,228.43437,283.15543,-90.48425,252.70757,254.34099,118.36989,166.74309,381.45724,120.395164,194.16663,377.66898,118.68327,169.54254,400.11804,145.71977,200.87434,381.27286,121.09689,103.62897,387.12936,185.70084,137.87993,377.39307,135.03284
010.png,277.9264,194.59227,6.4555626,278.96893,183.2044,-24.56472,280.89703,183.437,-24.757269,282.45132,183.6977,-24.69769,278.71826,181.49165,11.811602,280.5579,180.24666,11.403006,282.47928,178.79437,11.262535,299.13104,183.04764,-122.80512,300.63577,176.32483,42.980614,287.99905,205.54759,-23.923794,287.31033,205.08003,22.27438,337.5961,243.0335,-184.72705,355.18298,214.41335,139.55353,276.62198,316.69165,-138.59535,289.18936,276.18683,246.6259,287.30746,224.04364,58.258976,292.86737,220.46825,289.0412,282.16885,205.11728,62.20098,294.15323,201.01047,299.6932,291.68442,200.47987,55.45607,302.5436,198.36598,296.6957,295.0519,208.4209,61.663174,302.1595,205.22859,286.03183,349.8697,392.79083,-106.174255,362.9923,365.92468,106.05926,228.43437,283.15543,-90.48425,252.70757,254.34099,118.36989,166.74309,381.45724,120.395164,194.16663,377.66898,118.68327,169.54254,400.11804,145.71977,200.87434,381.27286,121.09689,103.62897,387.12936,185.70084,137.87993,377.39307,135.03284
011.png,277.9264,194.59227,6.4555626,278.96893,183.2044,-24.56472,280.89703,183.437,-24.757269,282.45132,183.6977,-24.69769,278.71826,181.49165,11.811602,280.5579,180.24666,11.403006,282.47928,178.79437,11.262535,299.13104,183.04764,-122.80512,300.63577,176.32483,42.980614,287.99905,205.54759,-23.923794,287.31033,205.08003,22.27438,337.5961,243.0335,-184.72705,355.18298,214.41335,139.55353,276.62198,316.69165,-138.59535,289.18936,276.18683,246.6259,287.30746,224.04364,58.258976,292.86737,220.46825,289.0412,282.16885,205.11728,62.20098,294.15323,201.01047,299.6932,291.68442,200.47987,55.45607,302.5436,198.36598,296.6957,295.0519,208.4209,61.663174,302.1595,205.22859,286.03183,349.8697,392.79083,-106.174255,362.9923,365.92468,106.05926,228.43437,283.15543,-90.48425,252.70757,254.34099,118.36989,166.74309,381.45724,120.395164,194.16663,377.66898,118.68327,169.54254,400.11804,145.71977,200.87434,381.27286,121.09689,103.62897,387.12936,185.70084,137.87993,377.39307,135.03284
012.png,381.23303,202.10652,-62.058968,381.26306,184.95764,-90.67686,384.6638,183.65445,-90.95139,387.5112,182.37404,-90.85941,378.94778,185.55515,-53.12905,380.1269,184.81903,-53.64505,381.4482,183.58194,-53.8358,408.45624,179.79915,-163.26886,402.69208,177.07916,5.2340565,395.9667,212.53998,-82.835335,390.6253,214.57639,-36.186646,477.9169,239.26256,-206.7716,439.34875,227.3727,92.01663,427.8756,346.53226,-190.26654,411.17606,289.0926,92.98962,405.83926,251.37454,-69.41932,404.6371,248.2435,-18.984877,398.44226,233.50912,-78.10363,414.25494,232.09929,-36.55785,415.19495,219.64738,-84.13072,415.39758,223.2291,-42.553654,416.71564,228.45522,-66.844986,413.82303,228.71475,-27.411545,500.4758,394.30405,-93.20048,481.24426,379.51767,92.99957,361.60687,279.7828,-100.95274,364.37238,271.78387,29.690351,262.33435,387.93954,23.706873,264.4118,381.2398,25.905125,264.10385,410.10367,37.971188,265.84845,406.20428,27.3322,180.47835,409.12357,20.184011,190.18452,404.84827,0.12526138
013.png,483.23602,170.35077,-82.38269,482.80927,157.69229,-78.66055,481.9958,156.0639,-78.969536,481.22748,154.54852,-78.92096,480.3751,159.18681,-115.34178,477.79736,158.54735,-115.61232,475.17584,157.9038,-115.8317,463.70828,146.8451,-26.973131,458.06326,151.74786,-194.93187,474.3902,179.93953,-54.729763,470.62476,180.08716,-105.35161,431.2629,176.83748,69.62944,417.54446,208.57272,-235.57906,496.10968,215.17104,140.01639,521.9473,255.54918,-215.9552,451.5657,147.37294,160.12271,452.22986,159.06145,-42.943855,431.00568,132.67393,163.276,432.68216,142.29092,-54.08931,421.1667,138.36545,178.976,424.12494,148.78868,-72.07281,424.31134,145.45885,165.6227,427.11307,155.5675,-46.589836,437.94528,337.35764,113.55437,434.15073,369.0666,-113.90249,557.3412,221.87735,88.60072,558.40326,234.2548,-155.50298,626.3619,347.63513,106.1496,635.5002,364.16055,-15.59469,616.239,375.7254,107.68763,622.9313,387.0947,4.206572,691.77936,372.53067,82.33753,707.76715,387.19427,2.6218197
014.png,552.6572,142.63817,-70.721115,551.8761,129.01561,-63.027477,549.77454,127.655045,-63.311752,547.7538,126.081726,-63.297447,550.6468,129.02414,-104.30661,547.77826,127.75633,-104.59518,544.5965,126.416115,-104.783,524.38824,118.147736,-1.6008883,522.00116,120.13202,-187.72314,540.1869,153.96585,-40.465195,538.85944,153.81717,-96.13388,490.76068,179.73206,107.77238,465.27866,195.64856,-255.14366,541.0288,262.67133,102.73234,554.9844,277.83646,-255.9236,570.1732,250.29294,-33.616497,528.6018,169.39963,-117.415344,579.9026,245.24196,-47.823456,523.25037,148.12553,-135.35191,574.7328,240.44185,-54.33315,510.74768,146.21417,-145.87177,570.5302,242.4589,-42.515495,511.07092,153.51091,-119.072495,487.19028,344.9535,115.45135,487.48135,371.9422,-115.80362,587.8502,221.58945,117.528694,603.4403,229.26909,-122.06005,659.7312,351.95734,131.34676,675.42,364.41455,92.54336,649.54645,377.83487,132.14581,661.203,388.11856,119.84121,726.71875,376.50165,122.17792,743.6647,388.4284,151.93701
015.png,552.6572,142.63817,-70.721115,551.8761,129.01561,-63.027477,549.77454,127.655045,-63.311752,547.7538,126.081726,-63.297447,550.6468,129.02414,-104.30661,547.77826,127.75633,-104.59518,544.5965,126.416115,-104.783,524.38824,118.147736,-1.6008883,522.00116,120.13202,-187.72314,540.1869,153.96585,-40.465195,538.85944,153.81717,-96.13388,490.76068,179.73206,107.77238,465.27866,195.64856,-255.14366,541.0288,262.67133,102.73234,554.9844,277.83646,-255.9236,570.1732,250.29294,-33.616497,528.6018,169.39963,-117.415344,579.9026,245.24196,-47.823456,523.25037,148.12553,-135.35191,574.7328,240.44185,-54.33315,510.74768,146.21417,-145.87177,570.5302,242.4589,-42.515495,511.07092,153.51091,-119.072495,487.19028,344.9535,115.45135,487.48135,371.9422,-115.80362,587.8502,221.58945,117.528694,603.4403,229.26909,-122.06005,659.7312,351.95734,131.34676,675.42,364.41455,92.54336,649.54645,377.83487,132.14581,661.203,388.11856,119.84121,726.71875,376.50165,122.17792,743.6647,388.4284,151.93701
016.png,552.6572,142.63817,-70.721115,551.8761,129.01561,-63.027477,549.77454,127.655045,-63.311752,547.7538,126.081726,-63.297447,550.6468,129.02414,-104.30661,547.77826,127.75633,-104.59518,544.5965,126.416115,-104.783,524.38824,118.147736,-1.6008883,522.00116,120.13202,-187.72314,540.1869,153.96585,-40.465195,538.85944,153.81717,-96.13388,490.76068,179.73206,107.77238,465.27866,195.64856,-255.14366,541.0288,262.67133,102.73234,554.9844,277.83646,-255.9236,570.1732,250.29294,-33.616497,528.6018,169.39963,-117.415344,579.9026,245.24196,-47.823456,523.25037,148.12553,-135.35191,574.7328,240.44185,-54.33315,510.74768,146.21417,-145.87177,570.5302,242.4589,-42.515495,511.07092,153.51091,-119.072495,487.19028,344.9535,115.45135,487.48135,371.9422,-115.80362,587.8502,221.58945,117.528694,603.4403,229.26909,-122.06005,659.7312,351.95734,131.34676,675.42,364.41455,92.54336,649.54645,377.83487,132.14581,661.203,388.11856,119.84121,726.71875,376.50165,122.17792,743.6647,388.4284,151.93701
017.png,552.6572,142.63817,-70.721115,551.8761,129.01561,-63.027477,549.77454,127.655045,-63.311752,547.7538,126.081726,-63.297447,550.6468,129.02414,-104.30661,547.77826,127.75633,-104.59518,544.5965,126.416115,-104.783,524.38824,118.147736,-1.6008883,522.00116,120.13202,-187.72314,540.1869,153.96585,-40.465195,538.85944,153.81717,-96.13388,490.76068,179.73206,107.77238,465.27866,195.64856,-255.14366,541.0288,262.67133,102.73234,554.9844,277.83646,-255.9236,570.1732,250.29294,-33.616497,528.6018,169.39963,-117.415344,579.9026,245.24196,-47.823456,523.25037,148.12553,-135.35191,574.7328,240.44185,-54.33315,510.74768,146.21417,-145.87177,570.5302,242.4589,-42.515495,511.07092,153.51091,-119.072495,487.19028,344.9535,115.45135,487.48135,371.9422,-115.80362,587.8502,221.58945,117.528694,603.4403,229.26909,-122.06005,659.7312,351.95734,131.34676,675.42,364.41455,92.54336,649.54645,377.83487,132.14581,661.203,388.11856,119.84121,726.71875,376.50165,122.17792,743.6647,388.4284,151.93701
018.png,525.9669,198.54839,-13.9735775,523.0567,186.00229,-7.6070986,521.1801,185.23303,-7.925805,519.724,184.3197,-7.9593935,522.0682,185.6949,-40.67712,518.5197,184.7351,-40.948326,514.8869,183.90912,-41.17765,503.71136,182.04747,45.678,495.96124,184.17726,-106.19303,515.0649,212.2254,12.142084,511.82706,214.87527,-33.583523,472.98874,234.11891,158.53029,473.72412,256.8092,-166.6277,547.7911,278.42062,329.4252,573.0329,302.70636,-189.96382,520.57306,209.59496,478.81442,526.3387,218.00436,-76.95034,511.1289,188.94977,508.81485,518.2208,200.6966,-91.75017,504.9643,190.28835,512.32056,506.2611,202.30594,-99.77766,504.0296,199.10577,483.20898,506.58096,209.79362,-78.3501,478.01843,392.6504,114.32723,475.54233,420.1002,-114.66148,599.06464,281.86185,80.918686,609.9466,292.6244,-133.22916,696.58765,409.34314,1.9741708,702.8795,421.07538,-55.371983,688.66547,436.3168,-7.7122602,693.5314,445.5036,-43.430855,768.3583,440.56772,-50.4837,777.95856,443.40533,-58.03452
019.png,555.9056,186.81317,101.78947,556.6963,177.10896,100.59641,555.53705,175.33179,100.43844,553.9215,173.10931,100.372894,557.4383,178.37244,80.95603,557.1054,177.83029,80.781906,556.7732,177.15607,80.728676,539.02747,162.97864,105.49058,549.6834,180.36522,16.001146,546.02576,194.83647,108.83701,546.05347,197.19916,81.735466,476.11993,220.83359,122.10603,544.0378,232.60641,-44.58211,423.57388,284.5457,106.74797,610.3006,307.29108,-49.0068,447.09656,357.4912,71.74374,569.7967,211.83244,39.97641,452.51562,372.6092,68.61705,567.897,193.1915,32.403713,455.27475,377.70505,61.47425,558.21094,193.1016,20.080246,454.05667,372.8438,67.210724,556.4843,199.41383,36.09638,473.5212,353.207,73.100105,510.722,364.15833,-73.55263,581.4899,261.44046,108.340126,618.1543,257.0989,-73.91891,635.21234,365.34143,122.65408,657.48956,386.80746,-50.75403,628.5105,392.1004,124.41825,663.14923,407.35022,-45.807346,654.527,367.92535,125.93211,718.92834,388.77838,-54.52763
020.png,572.3886,229.37396,-18.366508,573.73,217.46608,-15.389902,572.07056,216.56972,-15.624573,570.7043,215.72028,-15.602624,573.87115,217.03604,-45.07137,571.86774,215.86365,-45.290413,569.73926,214.93614,-45.389694,556.18524,207.15465,36.112606,548.78644,209.203,-98.59238,556.59265,238.2496,7.9978194,553.09375,240.4014,-32.625275,512.9735,231.32143,109.16213,518.15326,263.01694,-134.58878,579.91943,271.4035,28.810026,607.87616,344.8024,-121.6806,560.51654,231.26518,-138.15398,578.66986,243.56886,5.486931,555.6282,201.83011,-167.9215,572.496,224.59778,-4.1069155,550.4903,203.42844,-147.8639,560.47095,223.88449,-23.882767,548.59686,226.15105,-136.32202,559.0947,229.52852,1.131828,507.70468,397.80826,92.24327,508.77762,425.53116,-92.66437,622.7934,276.7822,87.34344,635.5414,282.73346,-115.446945,692.362,418.17538,21.383312,702.75415,437.662,-89.56557,686.932,449.20865,13.680737,694.9969,463.71606,-82.57443,709.2042,438.04523,-17.825186,773.9165,458.99698,-95.03768
021.png,569.8532,237.33156,-44.230335,574.53955,226.92186,-39.133183,574.32434,225.96962,-39.35606,574.441,225.22508,-39.33716,571.46747,225.78934,-70.06456,568.2434,223.7499,-70.294914,564.5929,221.92183,-70.41824,562.36346,215.61919,23.356663,545.9379,211.08989,-117.54864,556.5541,242.69229,-13.715689,550.78864,242.28343,-55.9815,516.90936,237.0925,111.6079,510.45874,258.76956,-156.2842,576.4357,298.48334,23.51558,589.3875,354.25784,-163.06186,568.0295,240.45642,-163.70624,575.88873,249.74762,-53.725807,564.7246,213.25351,-194.58926,574.17004,231.16374,-68.40211,557.1128,210.7343,-175.84645,563.0647,229.98369,-78.807755,557.46387,231.10823,-162.71718,561.2924,236.85056,-54.607395,515.06573,399.30157,99.564285,516.3666,424.6844,-99.98428,638.99365,277.55908,80.836754,646.71106,289.6626,-129.03958,712.94135,413.669,8.1740055,714.6331,429.78848,-67.32637,708.35187,443.07007,-0.67754644,702.2,455.96292,-56.839615,724.92957,434.41086,-49.328625,744.5835,468.7459,-78.54881
022.png,211.07954,308.34058,-6.62016,203.87901,294.1774,-38.71307,206.02481,292.55304,-38.880543,208.17462,291.1815,-38.8571,202.64111,293.37494,2.4834888,204.09225,291.205,2.022268,205.62305,289.09708,1.8648274,225.72356,279.45123,-122.88508,225.46771,276.91367,61.621445,231.32541,310.2054,-29.28734,230.00194,310.01587,22.131977,286.61728,309.44873,-191.5172,282.6805,284.2967,173.15346,254.83214,439.54926,-170.20245,231.4161,370.76575,147.89449,158.98143,407.9839,14.564562,160.70148,400.15442,-23.0711,138.41113,418.92413,4.421151,138.29015,409.91623,-38.333675,138.28687,405.21487,12.223363,139.41364,402.42325,-67.609116,147.12462,402.5593,22.60709,145.6578,400.33,-42.528812,425.33453,429.29285,-123.87396,408.99487,402.04086,123.769554,251.20161,421.94672,-50.61743,232.64294,407.96564,69.649086,66.388084,452.81735,28.659386,62.47675,452.41263,132.85904,39.24531,474.84802,29.850258,35.628258,474.04492,140.17857,43.328922,375.65237,-59.94492,40.31934,390.14352,81.54431
023.png,242.5928,260.5801,47.359005,239.69017,243.64531,16.066822,242.19008,242.24272,15.8556385,244.54007,241.07445,15.893656,239.26695,242.08571,56.237213,241.56383,239.88997,55.741264,244.08044,237.72461,55.57078,264.55893,233.20049,-70.56007,265.0584,230.80914,109.19771,260.60153,267.16534,23.053791,260.12515,266.27933,73.07381,320.3823,287.1408,-157.18307,326.78555,261.09598,220.28207,276.78818,410.8055,-130.07126,277.722,344.71417,201.6452,189.96301,391.36313,70.01557,191.59737,385.8015,31.556864,171.64494,401.1053,64.19183,175.32304,395.49756,19.398355,168.91068,393.10495,75.59783,173.4919,392.7485,-14.342896,175.86836,390.3475,80.62197,178.35992,390.35086,10.733921,438.75635,432.3904,-131.05222,428.2055,406.1654,130.827,252.61008,419.78937,-65.698166,251.85208,402.8911,125.46944,66.28212,457.7835,-33.68136,81.52041,451.24246,158.82985,33.48264,483.35095,-36.276554,47.40885,474.32468,162.76399,36.807285,381.8987,-125.6506,40.475883,386.6208,107.10724
024.png,256.54596,255.49,15.175688,254.1792,240.59074,-14.617565,256.72214,239.44827,-14.809454,259.31573,238.41301,-14.783635,253.37251,239.68805,23.762985,255.41441,238.0722,23.276012,257.75345,236.31569,23.09065,281.6352,230.98108,-93.525055,281.49948,228.66472,78.60802,274.22083,263.48395,-6.208651,273.4967,263.2022,41.76769,334.72202,282.5127,-163.40028,337.78378,256.32758,188.69394,286.80933,401.77075,-140.18863,283.10062,336.73074,181.80927,204.86935,395.1701,35.664085,208.56505,383.3878,20.267952,187.85114,410.5591,25.764305,190.84084,396.78217,7.3086123,183.36372,400.898,35.738304,188.39343,395.78494,-30.082876,190.04282,396.70483,44.721462,195.12592,392.03363,-1.2037594,439.79877,433.3524,-121.962204,422.97833,399.69073,121.736725,254.53351,422.00467,-73.62766,250.80447,398.34906,112.9889,71.39495,460.36493,-53.779327,89.767265,443.4047,136.90611,39.974888,486.31573,-57.29547,64.14683,461.75586,139.80801,35.103657,392.94644,-142.57521,41.64942,385.02383,86.848915
025.png,244.31184,277.6688,-12.210456,237.61101,263.7186,-43.759937,239.74022,261.7683,-43.91168,241.87074,260.17203,-43.90249,235.94882,263.19226,-4.151927,236.94568,260.93488,-4.609775,237.97026,258.6555,-4.7858906,259.90576,248.87798,-122.80698,258.15494,246.95073,54.71811,262.05658,280.9042,-32.721752,260.26877,280.94855,16.807076,317.46613,289.35596,-190.51099,315.85388,261.01984,174.30661,281.92944,420.83325,-168.23192,284.41763,344.4102,175.95679,202.16217,389.9566,26.199314,209.6372,382.37607,36.985435,183.82123,396.5464,21.061863,190.95732,388.7851,27.806108,183.27905,386.04434,30.11771,192.0679,384.251,-3.508605,190.09552,383.67255,35.16138,197.10042,382.53964,17.89291,431.15927,425.22693,-129.43152,422.84488,390.79456,129.34467,254.994,399.92606,-66.16866,253.14436,402.17502,111.94682,76.58471,443.6662,-8.827511,86.97578,441.49014,176.07669,46.60205,467.7395,-9.151588,55.659,464.51422,183.49504,43.852196,376.3448,-100.77931,44.13552,387.38922,127.652596
026.png,331.28256,239.63036,-64.381325,327.9994,224.2025,-93.64822,329.9921,223.00212,-93.87226,331.71054,222.18147,-93.74812,327.54218,223.25543,-60.85251,329.2122,221.4517,-61.40005,330.58417,219.83324,-61.641064,349.91916,216.2133,-162.26102,348.5256,212.30331,-14.39592,348.67664,245.61755,-80.19839,347.43765,244.83025,-39.27302,389.94202,271.59186,-204.44739,401.41583,237.75064,95.01643,328.79352,372.30557,-210.26723,329.76285,309.62207,117.69813,239.27058,379.36404,-120.55811,241.36879,354.9478,-13.110476,219.86528,391.47818,-147.2096,222.86107,372.2695,-27.228361,218.36522,377.23444,-143.9107,225.57823,368.13562,-71.667244,225.6905,373.89594,-116.9068,232.2357,363.66406,-35.814293,450.49442,435.88196,-97.322914,440.2442,404.30093,97.14102,258.11588,413.56567,-63.47365,272.56802,375.35516,75.84908,81.775375,443.5267,-77.92705,111.79511,427.11185,105.36933,48.47769,467.8768,-84.21506,88.94724,450.34146,108.27665,46.354008,373.9624,-164.166,67.43289,366.63373,54.540924
027.png,368.49948,227.66743,-72.52713,365.39423,213.51785,-102.06927,367.49933,212.36232,-102.32619,369.34363,211.41632,-102.19998,364.61768,212.7689,-66.39786,366.06833,211.36473,-66.91774,367.35974,209.87064,-67.16478,388.32553,206.6025,-175.05005,386.51102,203.28534,-12.828659,384.91275,235.99786,-90.00138,382.42886,234.81514,-45.065918,430.90146,257.43234,-239.45287,434.15524,234.68776,118.96068,350.5225,357.34494,-281.68527,357.68762,298.75436,147.67447,256.3536,351.44553,-220.62317,261.94525,333.04474,11.096741,235.31987,360.13724,-255.43147,239.76237,347.7382,-1.5607382,234.67787,347.22833,-244.8802,241.46623,345.09534,-45.861904,242.87578,346.17203,-213.9934,248.93922,342.00098,-12.105202,457.72726,435.23785,-111.71753,444.61768,404.1867,111.43701,269.99234,409.9881,-113.48751,298.22067,353.49368,127.57719,86.95997,444.64343,-129.2569,143.08693,419.04837,189.45938,54.89316,469.38574,-134.8532,134.42627,458.13477,194.89296,49.872673,382.3278,-219.05827,81.338066,374.5419,144.33397
028.png,272.5878,277.84418,-8.325041,263.1902,264.08984,-43.989307,264.79846,261.6506,-44.155643,266.23074,259.68378,-44.149956,261.74466,264.73062,-0.081740506,262.51328,262.48822,-0.54571974,263.25824,260.20505,-0.7346478,279.7105,249.00546,-139.75319,278.7841,246.70999,57.923756,289.73923,277.6424,-34.402718,287.1736,277.9908,20.981789,337.61658,277.87436,-222.15646,333.75577,257.5447,182.33778,287.04205,394.99805,-223.75443,283.54837,322.88354,190.17326,206.68819,384.44183,-44.634987,206.7035,373.42233,35.025604,188.59825,396.3121,-56.15796,188.85254,387.51044,26.125456,184.9369,387.7491,-44.520443,187.62404,385.95264,-12.58966,190.67238,384.8248,-35.021458,193.3866,382.54245,12.82572,449.7801,429.28122,-143.41957,433.38998,403.74646,143.28383,278.7676,421.55695,-97.77488,258.48798,407.92154,126.527,77.10631,449.52075,-56.89439,91.48104,443.07425,174.92474,39.85543,476.2114,-59.112988,55.09049,465.2529,180.16867,44.46946,373.66684,-157.6798,48.4889,376.34238,115.41039
029.png,295.05515,246.67441,3.4397898,292.70688,233.80823,-26.204855,295.0862,232.34413,-26.40479,297.30853,231.12383,-26.356674,291.76474,233.01523,9.541377,293.52216,231.08476,9.035281,295.36667,229.09735,8.822667,316.66147,222.98734,-104.70762,316.43103,220.7207,56.251747,314.25543,252.71912,-17.43919,313.08365,252.15039,27.386185,367.48688,277.48853,-169.51039,374.52792,245.2527,160.68912,312.71838,384.5756,-155.05719,311.11795,324.92203,173.05676,228.25763,388.29303,-5.459605,233.92484,370.98157,44.074284,212.95128,401.08423,-20.656025,218.16042,386.0565,34.82213,211.6475,390.10364,-12.569602,218.22098,384.19165,-5.5169134,218.41719,386.79553,1.6986629,225.0343,380.41177,22.867746,452.89392,437.00436,-113.455666,442.81427,400.1678,113.219284,283.25153,426.06927,-78.943695,269.5742,386.5222,111.18411,65.956276,453.47696,-71.18999,97.25487,438.3368,142.00562,39.312428,478.94763,-75.173584,74.98149,460.52216,145.86958,33.850212,376.95148,-154.679,52.316296,377.26233,95.99235
030.png,279.90387,257.0951,-26.986303,275.98544,245.08955,-57.495975,278.485,243.48293,-57.701332,280.74097,242.03181,-57.66426,274.51053,244.04474,-23.299664,276.05524,241.75601,-23.771616,277.72504,239.32162,-24.005322,298.90128,230.23613,-137.09648,298.34274,227.36165,17.236538,298.627,261.66403,-47.716244,297.28186,261.1368,-4.7656245,352.44952,278.13,-194.4312,353.065,248.54095,117.405785,304.532,395.4186,-193.9994,298.5194,332.75827,135.93352,212.24776,405.4736,-79.601036,215.3299,384.6084,14.603974,193.33243,422.00043,-101.14337,198.81133,400.97528,2.5502322,187.93909,405.16806,-94.91268,195.5215,397.42834,-39.092373,194.42287,401.677,-74.16702,201.50972,393.90363,-7.1847587,435.8135,438.5352,-102.339584,421.92117,404.45526,102.18006,277.43478,425.58948,-60.00612,265.8944,378.98907,103.98899,79.312805,453.70407,-4.450081,114.73942,438.58365,154.25154,46.299187,478.85687,-3.5858872,115.787926,469.44446,159.21947,43.76039,399.81473,-84.40242,76.66818,410.4082,100.31751
031.png,271.4478,279.39413,6.49776,262.7713,264.74857,-28.713802,264.4886,262.92188,-28.888111,266.07413,261.45938,-28.872017,261.71204,263.707,15.093846,262.8552,261.16092,14.618325,264.1037,258.7639,14.437305,280.31622,250.99902,-122.61088,280.21085,248.12088,74.949585,288.72992,280.00632,-19.019642,288.06253,279.18643,36.297348,337.88486,287.67004,-199.9247,342.23804,259.73587,198.14348,293.10416,405.6353,-173.03676,297.64374,340.80362,192.72614,211.03618,389.12366,28.391838,217.09358,381.70624,6.679794,194.96873,401.89316,19.432932,199.90857,396.4357,-7.9988313,190.80232,392.1619,27.933231,201.11154,393.57446,-47.5053,197.05219,387.97604,37.387436,207.47841,388.65616,-16.856565,448.2767,440.12787,-141.62302,437.13327,408.4662,141.46674,278.86508,426.1446,-93.36775,266.97412,399.8764,128.31044,73.2969,462.09677,-50.53277,94.162674,449.7569,177.5152,42.258934,486.3543,-52.53963,64.52783,467.6463,182.60312,42.394352,388.60608,-151.24661,50.075108,389.02167,116.60599
032.png,317.55368,238.63405,-62.211475,314.57773,225.00008,-91.83297,317.17023,223.54062,-92.03436,319.66068,222.16621,-91.95865,313.34293,224.18242,-58.86858,314.90222,222.48103,-59.361927,316.7014,220.94592,-59.58075,339.1393,213.06856,-164.02208,337.52875,212.84724,-15.42139,336.09125,244.6568,-80.00248,335.3274,244.6857,-38.71943,391.3203,260.36456,-212.4458,389.90173,239.07863,91.087296,325.09802,376.12195,-224.09001,324.194,314.75476,122.69199,234.87265,377.90588,-131.96222,239.77548,358.71194,15.254508,216.6876,389.34833,-157.30649,223.4684,373.66772,4.3123198,212.60425,376.4765,-151.60469,222.26355,369.24335,-38.07193,219.93752,373.1178,-127.30947,228.2354,365.5582,-6.164331,452.72864,428.61057,-96.892845,435.98877,394.64923,96.75717,268.20197,394.5282,-66.358505,275.28934,365.785,57.169983,91.54758,444.0451,-62.94892,112.06909,433.219,73.29414,54.936443,467.4319,-66.928696,92.59804,453.45093,74.77807,53.84736,378.4287,-141.07817,70.162415,382.1046,19.066519
033.png,299.57822,238.16968,1.3261142,298.82657,222.29915,-30.20784,301.03455,221.09688,-30.377487,302.9586,219.91122,-30.404484,297.77347,221.33307,8.86948,299.3769,219.59737,8.44214,301.19843,217.6474,8.245453,322.99493,212.65115,-118.535034,324.66263,211.32683,57.17152,315.40805,245.33089,-23.929834,314.54575,245.08788,25.254536,382.2691,279.59955,-196.65642,377.18918,258.58917,167.28566,328.50647,402.13068,-204.18858,321.5177,336.3964,187.80573,233.58171,385.5048,-64.60112,232.56274,365.86707,58.352394,211.02864,397.4588,-79.01141,212.60374,380.67828,50.75423,209.17726,380.9725,-68.40077,209.89374,373.96942,12.204083,216.572,378.2014,-56.311604,217.10239,371.21283,37.237583,443.24863,438.23593,-123.21574,426.80618,413.01993,123.10109,247.92822,416.03848,-63.336334,269.72168,398.7217,130.06488,81.06323,442.87466,-21.714064,101.62006,435.8906,165.89896,65.97163,451.83905,-22.387009,79.05903,448.01532,169.88452,49.86083,367.8405,-98.37977,61.69366,376.7212,120.76259
034.png,316.94513,239.65053,-21.909325,315.72733,224.85608,-51.656063,317.7257,223.56451,-51.843548,319.85983,222.22575,-51.810013,314.99738,224.06853,-17.849213,316.65433,222.46912,-18.314034,318.8928,220.6221,-18.526205,340.42508,212.9593,-129.57234,340.85492,211.9562,22.936348,334.4581,248.28014,-42.54354,333.4575,247.77464,-0.07794315,392.75647,276.35205,-188.96169,394.87387,251.08755,125.72049,340.44205,394.78314,-193.04399,335.98212,327.59674,141.50412,239.43497,383.78845,-82.035645,242.16031,363.93408,19.464445,217.5497,397.2179,-102.96675,221.5974,381.0841,7.6890693,213.82239,383.6593,-94.561584,220.13399,376.06384,-32.496822,220.0933,380.38962,-75.8158,227.47726,371.18802,-1.6089125,448.38123,440.55954,-104.259445,439.01602,409.81082,104.09393,283.71356,422.4323,-72.47808,277.47992,381.50638,99.86806,77.526726,442.07672,-34.521927,112.08052,432.56366,137.16339,52.532906,463.07098,-34.620678,86.11998,454.0881,141.15468,44.33231,374.3234,-100.739914,62.71776,375.93118,93.7818
035.png,316.67575,262.9409,-40.245594,310.2519,251.5528,-70.98791,312.5501,249.63644,-71.1696,314.4387,247.81766,-71.0931,308.36798,251.06635,-38.109577,309.18387,248.9973,-38.586216,310.02972,246.66103,-38.794693,329.62976,234.10419,-147.80106,327.95395,231.9818,1.3059747,335.38577,265.87305,-59.120533,333.5961,266.3683,-17.660532,388.36694,277.38995,-191.32645,385.63547,249.80634,102.25094,340.48605,390.8726,-202.40707,328.9162,329.2645,131.40598,238.1919,383.87152,-111.002205,233.5829,363.15753,25.116268,214.32845,396.09985,-134.65604,211.2958,380.17343,14.927412,208.6476,383.6052,-126.68443,210.14648,373.69037,-26.22314,214.81384,379.818,-105.58287,218.2893,368.29413,4.375839,455.84006,440.44806,-100.514145,441.35406,409.57736,100.37604,268.9409,411.69476,-67.3834,273.65067,385.338,94.92037,80.060745,448.2012,-36.823208,111.38728,437.56274,135.76906,48.89118,471.57816,-38.54297,81.47368,461.5101,139.98062,45.396442,381.09177,-109.587814,73.0023,407.09918,89.42417
036.png,498.8521,7.2535,103.631645,498.90344,-8.53853,74.79367,513.7658,-11.154043,74.57724,518.0776,-13.232376,74.57377,496.4169,-4.071357,114.94373,497.02356,-2.4840646,114.52404,497.61044,-1.147463,114.20029,547.43256,-7.2179627,23.240564,530.4562,16.022825,207.74188,510.3507,17.281578,92.91471,506.84213,18.877804,144.02737,591.64185,71.1287,-55.277206,500.87134,82.15944,302.94067,457.97977,122.555695,-203.35803,351.9574,63.584454,268.85007,476.95227,-16.500679,-165.55183,426.32706,-2.208701,201.42982,485.03958,-45.987556,-187.18059,444.96527,-14.142663,198.865,509.74945,-44.51352,-176.08986,460.3296,-25.29386,212.58553,505.5658,-31.379116,-158.63936,454.3471,-21.98606,202.25427,522.2475,318.7025,-122.02233,458.07678,271.33487,121.677155,424.87732,187.84488,-313.1201,326.30743,101.096375,-31.540115,263.46017,406.59366,-401.50873,234.53093,318.4498,-147.08275,258.82956,461.557,-411.81683,225.9988,357.13074,-160.75264,152.30989,398.93576,-523.951,130.85771,312.66974,-247.67477
037.png,357.27908,41.85069,-67.973946,354.93884,18.559967,-97.725555,361.10626,15.108579,-98.0493,366.67508,11.971462,-98.097664,344.5974,22.573109,-57.35848,341.7708,22.492937,-58.04691,338.7136,22.284754,-58.5338,393.68893,-1.3025697,-144.25583,365.90198,7.4366503,41.921497,382.30237,52.879208,-77.439026,371.71625,58.920746,-25.499937,527.0786,53.31992,-184.4564,381.47235,50.693314,77.12516,410.1613,155.74452,-288.08972,272.77863,90.49455,-182.32133,414.9171,16.906542,-245.467,337.36032,2.38871,-490.81488,422.81638,-4.132843,-266.9154,370.80505,-12.738259,-542.5229,439.70844,-10.882671,-284.9144,383.988,-26.464718,-520.1893,435.44714,-1.4712238,-251.5412,376.40994,-20.084332,-492.26147,536.16235,311.3369,-115.17346,467.73743,291.5737,114.70201,382.79193,167.23055,-240.76175,312.973,128.78757,129.84578,241.07193,410.5911,-424.63223,181.75221,332.39072,-75.375496,256.5399,460.38715,-444.9312,185.8572,361.64294,-95.554405,94.53387,444.63562,-562.1441,63.431328,344.39243,-163.60435
038.png,453.22827,61.614773,54.931377,455.43948,36.549023,30.00294,461.5794,33.58576,29.687696,465.25858,31.868254,29.681368,450.6391,34.330456,67.7335,450.77124,31.368048,67.012474,450.53223,28.521091,66.61149,498.4824,19.461756,-18.035778,484.5279,17.36486,154.3086,471.19418,73.64782,43.354538,465.28903,72.37167,91.19562,609.24255,69.731766,-84.18341,479.37332,40.64171,184.50934,501.8046,117.2135,-165.2767,366.44925,75.281685,76.3345,537.48694,18.89545,-100.22336,452.49408,6.98692,-34.84261,548.6993,7.024,-114.37875,479.16818,3.521739,-53.096992,560.63043,4.923124,-131.71867,488.01123,4.0986056,-38.602985,551.12634,13.760505,-105.59618,487.7691,11.5703,-33.96806,578.1477,320.452,-110.40812,526.12164,295.01068,109.8241,407.8066,177.04675,-201.37648,352.26825,144.30214,109.19661,219.14159,405.771,-408.49966,182.2349,329.74057,-110.13684,211.66739,448.64334,-429.2635,185.61497,370.51083,-131.73056,77.9644,425.07172,-546.4466,69.43364,336.14883,-207.60616
039.png,387.49393,57.289867,13.20047,379.84433,37.211796,-22.407171,382.9289,35.97686,-22.72837,386.18945,34.659145,-22.779692,374.66138,34.786476,18.870138,374.4332,32.195034,18.207144,374.36877,29.763988,17.81548,411.83694,15.086807,-105.50665,400.9618,14.4718075,82.41217,398.04642,55.506855,-10.220652,397.28586,56.985,42.332504,529.4415,66.98638,-178.24841,419.33035,54.869976,128.99821,401.60275,156.0902,-257.71295,297.234,93.00728,-82.23533,410.35693,23.694962,-169.35097,371.04062,2.7736845,-351.7929,416.34213,15.523415,-187.4354,397.66257,-7.69921,-390.35043,441.0538,-4.600851,-199.32295,412.10257,-19.663805,-373.52695,439.12173,7.3189645,-171.86324,401.8845,-13.925408,-354.2266,551.0107,315.61124,-119.74982,497.34824,295.79996,119.30932,377.00073,176.78745,-253.75981,325.60995,137.93039,94.28177,229.31635,426.57794,-437.08765,183.57196,326.19144,-91.10616,203.01108,445.2197,-457.31757,187.12727,366.96222,-110.68917,63.010643,407.4811,-568.7017,65.03403,341.73218,-186.74254
041.png,297.66113,61.352512,-78.814735,295.77417,43.87085,-116.98419,298.1318,41.721313,-117.25722,300.60007,39.85611,-117.3429,291.9203,45.861275,-69.996284,291.3811,44.966644,-70.7108,290.31876,43.92152,-71.14324,333.58862,17.395557,-206.512,328.0511,19.957783,7.682152,316.30972,59.62892,-103.72119,314.9129,61.48912,-43.457043,454.053,83.28042,-243.89977,364.03796,58.297253,81.25622,321.5308,194.12653,-214.08867,244.63422,116.57033,-49.67186,319.00244,56.970753,7.22384,295.98865,13.075325,-264.45166,318.69696,51.693737,7.883203,315.97275,-4.418411,-290.2151,334.2444,32.075863,-10.384567,324.41125,-14.19823,-284.32715,338.9572,41.127304,5.460762,316.71854,-5.895963,-269.14597,527.11285,313.499,-124.89027,466.7737,275.3957,124.6411,352.64594,182.84462,-281.5725,301.8063,173.96527,30.909004,210.82906,420.39832,-431.3491,159.01135,340.91943,-59.437954,207.5234,456.2637,-450.7924,161.81425,372.91788,-67.29249,68.04046,403.60434,-578.9152,51.1203,348.93164,-130.7986
043.png,354.45328,-4.9314165,22.154696,358.0655,-23.828037,-22.302511,359.2476,-25.175629,-22.628613,360.76932,-26.034536,-22.703438,361.7314,-23.568203,23.087276,366.18842,-24.312931,22.367138,370.36804,-25.241158,21.980572,389.75906,-31.118433,-142.89572,401.66608,-31.623499,67.12636,375.48495,2.5593514,-12.881684,375.71503,7.173053,45.56823,466.8642,56.5122,-222.45595,439.0517,39.218163,162.57266,316.03427,152.97942,-184.08775,270.7612,91.764694,218.61597,331.97183,7.7467785,66.45771,329.986,-10.71195,225.38673,335.73825,-10.506436,67.12182,346.69513,-27.350718,234.7711,359.73627,-27.723543,50.341717,361.85336,-39.937313,230.66335,359.5984,-9.033887,65.37431,352.2401,-33.646175,221.69972,547.3117,323.43185,-135.18532,508.98618,297.02225,134.90346,381.72534,162.18195,-264.41205,348.62976,131.38715,200.97198,192.89058,386.59552,-421.59766,179.73994,319.5971,98.889114,191.4945,434.46097,-438.30573,178.84032,357.09348,90.064285,67.16423,384.7477,-535.8021,66.45477,321.42712,55.68143
044.png,272.03094,61.23641,-90.445885,267.48828,42.999336,-129.39622,273.46265,37.63977,-129.65562,277.6595,34.083614,-129.70567,260.4616,48.745373,-79.67548,258.4271,48.358704,-80.44543,258.43692,46.005833,-80.87344,306.59683,16.135954,-211.78094,296.04095,15.088244,12.03202,302.537,60.401955,-111.96077,294.0895,66.36012,-48.97621,440.6699,87.18103,-221.45251,348.86316,56.269928,95.40889,342.32553,224.0807,-153.75208,279.02432,158.1183,-43.888824,302.73947,58.943523,82.70678,336.74542,152.08072,-367.2258,306.93225,50.407578,83.65952,352.34897,155.4843,-411.26932,319.95312,28.572163,59.32311,364.05984,137.15247,-421.69287,321.5018,37.77931,79.06286,358.2302,136.64174,-380.6739,526.32935,311.611,-119.733475,479.29672,266.88156,119.47321,357.8344,204.35406,-219.61388,319.83997,157.1261,81.30778,192.36435,403.22855,-367.11032,166.16159,320.9305,41.173836,188.843,439.70673,-386.58847,165.83621,359.6226,39.186226,67.6112,396.05746,-497.92505,53.694717,314.9205,7.1117673
045.png,435.07764,104.184814,61.396896,424.44675,85.42141,29.051903,427.10828,80.49337,28.678637,436.44052,75.37168,28.644056,423.53003,83.67445,67.83986,424.454,77.82164,67.16319,426.81226,71.98461,66.79297,462.16882,50.808918,-50.83423,455.2491,50.188633,126.46586,458.3163,101.85461,38.819378,456.05582,101.382,87.53441,595.56354,54.244408,-109.131775,480.9679,51.305737,160.81158,497.5587,127.08061,-159.0174,366.798,80.77754,82.66342,507.28674,-1.0755974,-74.68117,444.16156,-27.767466,-37.081463,515.7135,-20.819803,-85.056786,465.00058,-42.512733,-59.883698,529.9304,-35.44144,-102.32812,478.45773,-49.17844,-46.654694,527.7696,-20.82753,-79.105354,471.19714,-43.03622,-37.79608,585.6292,312.00214,-106.8385,535.92114,286.18835,106.34296,410.56348,185.69783,-189.32108,353.10092,176.75523,36.17944,213.05206,396.0378,-423.87415,187.66058,327.47534,-175.65508,202.02426,435.02533,-446.34866,181.90053,358.35403,-196.49446,96.41804,387.80124,-553.51984,82.93341,340.2266,-272.45923
046.png,335.3291,90.62962,-97.670654,326.59888,75.89748,-130.38728,328.90344,74.50951,-130.60687,331.3387,73.2401,-130.67358,322.63016,75.58446,-93.614975,321.92566,73.56126,-94.27309,321.21387,71.264854,-94.5576,349.82428,53.843746,-191.78989,337.17374,45.08324,-24.708569,361.66925,94.13704,-111.65827,355.21606,95.24278,-64.82627,454.85083,81.5633,-199.30466,370.39624,66.29022,40.76537,396.20532,208.49644,-258.10995,277.57675,121.172356,-130.07115,375.03906,62.955883,-215.78125,298.6746,11.1243305,-387.62842,383.53357,32.566097,-237.52089,311.7005,-17.653482,-424.01013,394.57452,24.870506,-252.27248,313.5215,-26.991867,-420.84943,394.80673,35.89615,-221.12753,309.4143,-13.78507,-393.88074,564.1942,284.47745,-105.132866,496.01987,254.01112,104.919464,375.67865,220.98007,-138.98753,324.72116,156.48114,-75.91251,204.27448,394.7116,-352.7752,181.67493,347.26895,-233.71742,200.77492,438.80222,-381.02725,182.95177,388.42593,-249.01172,101.481995,378.44873,-498.00198,76.27657,346.48758,-307.37357
047.png,277.73404,91.24999,-114.084274,278.42447,71.07078,-127.99976,282.73047,65.67221,-128.23906,287.19592,60.608593,-128.30093,268.7222,79.23442,-96.36063,266.33792,79.17465,-97.04236,263.53192,79.05087,-97.33387,307.972,36.803772,-121.0198,264.82178,61.262672,26.85422,303.61224,87.512314,-103.20132,290.6918,95.263824,-62.67395,410.11087,74.52692,-113.643074,308.86462,81.97154,74.25462,364.29456,203.76195,-283.9456,243.27786,142.15245,-47.270466,356.45673,88.993706,-420.978,265.48932,52.060898,-236.32672,341.50778,52.738506,-475.62842,271.74878,27.567692,-276.6445,332.27377,33.600327,-494.72726,273.04468,8.388813,-279.9251,338.11993,42.987644,-434.39175,271.00443,19.48069,-243.76628,549.4887,285.04828,-89.55703,471.1782,255.32898,89.15294,437.432,160.24628,-297.41037,293.96082,164.72752,43.684853,216.23698,385.6052,-537.8615,197.34834,330.27988,-70.608505,199.68939,437.07837,-566.5851,208.37924,368.59006,-79.284744,131.63673,366.80255,-680.90247,82.497314,318.8903,-101.64337
048.png,353.9826,79.72984,-124.67584,351.77307,60.694805,-161.33752,355.41608,57.68647,-161.59746,358.83774,54.918797,-161.67639,343.71988,62.04795,-120.675385,341.57358,59.961582,-121.36062,339.19373,57.77492,-121.72451,384.44452,30.576586,-233.84612,358.2322,29.493685,-47.83486,377.7949,81.15872,-141.97235,367.0892,86.43777,-89.81942,509.267,72.728836,-256.91333,393.0279,66.85525,3.3575,399.23923,191.81186,-373.38486,283.01035,114.72423,-185.41452,384.82077,55.70009,-369.1742,331.531,0.58397377,-450.43954,395.0593,44.39539,-402.87296,353.23203,-22.84399,-493.7069,416.32904,14.587236,-415.70633,360.22876,-34.42657,-485.48627,413.5374,27.33083,-375.09998,352.40347,-22.93195,-455.32452,564.259,301.68912,-108.81304,503.8423,273.66354,108.61743,397.5647,195.1701,-188.6193,329.52167,150.67592,-8.454388,205.24739,392.48007,-393.28986,183.00496,333.28494,-134.96005,197.1744,432.41357,-418.8467,182.02454,372.07617,-146.29584,92.88701,362.442,-544.80725,73.83351,311.273,-208.35191
049.png,614.2255,162.97722,303.21436,625.00024,161.39395,284.96216,625.59,160.28258,284.8291,625.7563,159.4106,284.82996,624.8865,164.7268,301.67242,625.19904,165.54378,301.39185,625.6733,166.1783,301.41794,629.931,159.0534,201.53537,631.7191,169.09016,278.9636,611.3867,161.57736,280.66718,611.19904,164.81943,300.504,597.84875,146.28477,42.21549,614.0028,204.71516,289.74588,466.98773,110.1646,-67.67882,519.96985,218.48247,260.38913,455.58096,3.9157472,-24.479298,501.1928,142.51097,272.2859,448.15866,-6.3970833,-32.00731,500.4431,122.369545,282.83783,470.4395,-3.6550937,-8.064507,502.22574,114.31142,280.12674,471.50922,8.096132,-10.320099,504.23312,122.37743,268.60074,500.51575,188.15988,-91.60739,512.9066,214.99782,90.65326,372.09726,175.83022,-356.13385,443.6233,183.03383,-30.408392,224.48656,318.4886,-538.16693,324.72873,224.64778,-215.07785,205.90794,358.8116,-557.88306,298.88217,242.48434,-233.98956,169.39243,286.34644,-662.8085,301.36484,194.65636,-301.64996
050.png,614.2255,162.97722,303.21436,625.00024,161.39395,284.96216,625.59,160.28258,284.8291,625.7563,159.4106,284.82996,624.8865,164.7268,301.67242,625.19904,165.54378,301.39185,625.6733,166.1783,301.41794,629.931,159.0534,201.53537,631.7191,169.09016,278.9636,611.3867,161.57736,280.66718,611.19904,164.81943,300.504,597.84875,146.28477,42.21549,614.0028,204.71516,289.74588,466.98773,110.1646,-67.67882,519.96985,218.48247,260.38913,455.58096,3.9157472,-24.479298,501.1928,142.51097,272.2859,448.15866,-6.3970833,-32.00731,500.4431,122.369545,282.83783,470.4395,-3.6550937,-8.064507,502.22574,114.31142,280.12674,471.50922,8.096132,-10.320099,504.23312,122.37743,268.60074,500.51575,188.15988,-91.60739,512.9066,214.99782,90.65326,372.09726,175.83022,-356.13385,443.6233,183.03383,-30.408392,224.48656,318.4886,-538.16693,324.72873,224.64778,-215.07785,205.90794,358.8116,-557.88306,298.88217,242.48434,-233.98956,169.39243,286.34644,-662.8085,301.36484,194.65636,-301.64996
051.png,637.5833,167.6938,-37.266373,631.60394,155.21777,-30.012651,629.467,154.48308,-30.266598,627.43646,153.71008,-30.23828,630.65186,156.28062,-71.26451,628.19507,156.47368,-71.51782,625.3689,156.57318,-71.68328,608.1428,157.38928,26.550344,607.45044,159.68112,-164.32837,625.9585,182.05606,-10.668864,625.70825,183.29845,-67.67621,570.75635,216.4922,106.63048,574.2083,242.80464,-229.85326,652.45575,237.46529,83.1604,686.45984,265.93124,-188.50035,616.39294,176.06386,-9.402281,623.1151,188.51135,13.675619,593.7246,159.21507,-19.991234,605.6544,168.59833,2.180814,586.608,163.73955,-4.2801256,598.0819,175.17192,-28.334484,590.5315,173.46562,-7.498258,602.1718,185.0589,5.9048653,540.3782,391.25534,119.72396,544.9721,422.69943,-120.01941,635.7492,268.7515,201.68858,651.7307,295.46152,-180.84119,722.1738,392.24274,226.57098,733.1652,419.7626,-101.68864,714.6094,415.5805,227.66647,721.9071,449.3705,-89.82389,750.56744,405.27322,219.97472,807.8094,443.7169,-95.92905
052.png,640.84344,173.06305,-61.532707,635.13245,159.27306,-53.361164,632.83453,158.61977,-53.61983,630.5411,157.89828,-53.6088,634.19476,159.84999,-94.79844,631.9794,159.75015,-95.050316,629.2388,159.56688,-95.21311,610.08673,160.8629,6.609285,607.7502,162.86324,-185.26775,629.38544,188.1136,-33.60812,628.8034,189.40582,-90.88157,571.6338,220.4208,93.17239,575.6032,251.57878,-248.19928,646.3467,229.20015,91.53062,692.10046,270.8463,-206.49542,617.0979,177.07512,28.905182,624.346,196.67743,-0.69320476,597.0641,161.88254,23.352074,606.8144,176.12997,-12.008445,591.64526,163.89499,36.329872,600.8453,183.08179,-41.5762,594.399,171.8216,30.466816,605.32587,193.23051,-8.039847,543.6329,392.87515,123.503174,547.8758,425.88028,-123.76905,641.6503,276.3851,205.87407,657.5803,301.38562,-186.51479,726.6443,399.39722,235.29828,736.55554,424.33414,-112.48302,717.8535,421.78647,236.47446,724.8269,454.57578,-101.72747,754.09814,409.47366,228.60292,811.28986,448.44974,-113.06714
053.png,623.5217,192.77736,-64.87928,621.9205,175.895,-55.475487,619.7829,174.37083,-55.74503,617.6049,172.89317,-55.737648,621.6348,176.56992,-97.37271,619.58466,175.65625,-97.61099,617.4272,174.74193,-97.79347,598.5964,171.49811,11.127335,598.8529,173.29196,-181.89749,611.5144,203.8295,-33.997997,611.3605,205.20128,-91.63668,558.901,228.24365,101.39822,557.40326,251.2055,-243.16241,639.935,249.65833,81.29328,664.39374,289.60956,-216.69728,603.4703,183.06311,-15.707926,611.5836,201.05647,-29.527344,588.1057,168.50964,-26.399786,596.62,182.22841,-41.942238,581.79913,168.69943,-12.290655,588.02795,184.85757,-65.527794,583.0128,176.09665,-14.636807,591.11676,193.26198,-34.67027,542.1111,395.36935,123.293625,545.84155,425.57037,-123.58428,640.086,282.8119,169.99342,659.6384,303.6637,-169.94629,724.3829,396.561,192.27718,738.06305,423.09073,-109.81998,719.0638,418.63513,193.26273,722.38574,452.53525,-100.83286,753.43365,404.9215,181.05765,811.3002,441.8603,-118.66161
054.png,552.38,177.46764,-91.10527,546.74567,166.34465,-78.76848,544.67993,165.32079,-79.022316,542.2168,163.94754,-79.03517,545.1201,168.59431,-117.90803,542.8681,169.18073,-118.128555,540.9164,169.72768,-118.270256,522.803,169.89761,-3.631551,520.177,174.4592,-183.39853,544.64954,194.72047,-58.68043,543.671,195.51096,-112.326775,502.5746,232.51106,80.68347,493.01202,260.49182,-251.42877,587.61725,235.48714,-17.718412,612.10474,260.381,-300.5752,535.1229,187.59193,-214.10309,544.0975,194.97351,-209.85854,511.8503,178.93373,-242.94534,523.66284,180.53078,-237.20998,505.41245,179.0596,-219.5468,515.38776,187.49088,-258.35205,509.90442,186.26122,-211.52115,520.0982,195.30951,-216.05574,535.7872,394.04816,119.32936,534.61804,424.98825,-119.773125,627.7884,277.83154,127.66599,641.9339,292.79147,-167.11678,715.04767,394.24167,151.17886,727.35455,420.06232,-119.127846,710.27716,419.3947,150.7279,712.32086,451.1438,-112.92798,748.7834,413.2522,114.67089,802.86273,445.7452,-150.2035
055.png,551.2321,199.37088,-60.947536,548.6721,186.29166,-50.775875,547.08673,184.87288,-51.04005,545.4101,183.24463,-51.030685,547.2738,188.19765,-89.67386,544.8857,188.35875,-89.898926,542.59076,188.49525,-90.04577,526.07794,180.91861,19.107738,526.448,187.94196,-158.3251,542.4126,213.10222,-29.698637,541.1315,213.5357,-82.75054,498.0266,240.27145,96.17202,489.12866,264.52258,-216.68791,580.3545,256.26437,-11.543558,603.7759,293.0399,-224.83861,533.4427,194.84065,-219.4982,543.601,205.53812,-89.00961,509.95013,182.10461,-251.50284,521.84326,192.62161,-104.981834,504.36694,185.43364,-225.33508,513.6316,199.13591,-128.15831,508.2834,190.57562,-216.53833,517.60815,204.69962,-94.64063,537.4373,400.07428,113.41628,537.9416,427.96487,-113.84381,632.0818,280.47885,128.99582,645.5591,291.78073,-159.21126,713.86,395.79724,98.694176,730.81476,425.4295,-140.93117,710.69806,421.02527,93.22664,717.2008,453.64325,-136.72221,745.8029,417.33096,52.195568,806.2833,445.27637,-171.0032
056.png,635.28925,170.55296,-64.46216,628.32355,157.67944,-56.905136,626.0072,156.9599,-57.144424,623.8059,156.2298,-57.120358,627.483,158.78775,-98.26122,625.0976,159.07751,-98.50568,622.2787,159.28293,-98.64766,604.00854,160.73187,2.8891068,603.87714,163.33604,-188.11206,624.828,184.80562,-36.369274,624.37317,186.10057,-93.43526,567.09656,218.7491,83.104614,572.23444,248.86716,-251.66399,651.31683,230.59096,4.3697624,687.6547,267.71246,-213.58708,615.41895,180.09645,-170.26695,620.0973,191.27838,-20.631039,592.85156,162.82378,-194.98494,602.0861,171.5738,-35.736324,587.2258,167.17245,-178.63911,595.3797,179.1129,-68.60633,591.85724,176.83116,-170.38596,599.89374,188.93774,-29.442348,540.5165,390.82608,122.79715,545.0172,425.93097,-123.11056,635.495,273.52554,225.01527,651.1761,301.68118,-208.88902,721.5315,394.40625,267.09824,732.89435,420.86108,-135.63118,713.4543,417.4865,269.02817,720.8379,451.14368,-125.22873,741.4602,400.14563,256.0992,800.8856,437.93558,-143.16226
057.png,550.02466,205.48367,-51.10774,549.9834,188.27737,-43.519115,548.3826,187.4844,-43.83626,546.7474,186.73134,-43.83335,548.07074,189.57669,-82.953545,545.3317,189.84142,-83.21197,542.71625,190.18102,-83.42037,529.06854,185.38017,16.184208,527.9064,190.99194,-164.93588,541.22314,215.92705,-22.386791,539.9541,216.96275,-76.56671,500.30798,235.19148,108.75559,487.44424,261.9709,-228.51816,580.03046,250.8874,169.40944,601.92444,288.2281,-237.97984,532.6729,189.55106,180.4456,541.38025,200.88405,-95.704475,511.30106,175.22452,185.13823,525.33203,186.37422,-111.12888,504.13992,179.76678,199.6953,514.9332,194.00246,-127.236046,508.08246,186.2376,184.7684,517.9744,200.77975,-99.13087,537.5133,394.91452,119.80589,538.7828,426.37567,-120.18348,632.9428,276.09375,131.28305,645.63776,288.30606,-148.01433,720.07947,394.49115,102.801994,732.39795,418.51468,-117.89115,714.6779,419.4255,97.814545,719.9776,449.35443,-112.10002,783.44867,410.08994,55.359245,812.28424,439.37274,-147.18866
058.png,554.31354,180.06157,-100.59127,549.1797,169.07227,-86.19574,547.8188,167.90063,-86.462265,546.17035,166.60413,-86.454025,547.4396,171.21674,-128.69096,545.0029,171.9808,-128.92279,542.74164,172.7524,-129.07594,527.1005,171.95546,-1.7605468,525.5785,177.04459,-197.03859,547.534,196.79443,-64.552155,545.7495,197.47896,-122.73117,503.88647,231.6735,89.81675,490.4652,258.54834,-268.03036,588.689,235.5224,-13.34105,613.29254,261.36926,-314.17514,534.8905,184.14165,-228.69582,541.64465,192.35126,-212.93224,512.00146,175.86804,-258.72647,521.9734,178.44167,-241.23428,505.00824,177.10385,-235.2521,514.33655,186.63069,-262.07462,508.66208,183.33762,-226.5687,518.3963,193.63885,-218.6146,537.04486,395.69992,127.463066,535.7463,426.76025,-127.870575,629.2108,280.15076,159.39279,642.39813,295.3816,-187.85239,716.80176,395.85403,179.10732,731.4363,424.36542,-149.53632,712.05023,420.65814,177.92795,716.8739,453.06155,-144.52362,776.0681,411.7374,138.694,809.0081,443.31076,-188.61879
059.png,596.0682,188.46541,-56.16963,594.80963,175.07504,-49.54247,592.7505,173.69527,-49.83536,590.7931,172.52148,-49.842678,594.1727,176.0443,-88.89375,592.1726,175.393,-89.13691,590.4326,174.98228,-89.31781,573.04016,170.15466,4.745728,572.93274,174.152,-176.53775,585.36096,200.61916,-29.7341,584.2913,203.07451,-83.87969,537.0982,224.62546,95.29662,532.25336,252.8552,-238.60037,617.4119,248.85883,138.53906,644.26074,283.17407,-233.72212,575.3474,178.6564,122.21158,587.31146,195.32317,-76.96789,556.8395,166.83354,122.9565,568.8909,178.27213,-91.598724,551.77167,167.78624,137.94762,560.81256,182.75926,-112.88005,553.73395,173.02318,126.05341,563.97437,190.44328,-82.13201,537.97095,393.65768,117.49289,542.2013,424.62854,-117.81285,632.2575,276.51004,130.03777,651.25543,294.56467,-151.106,721.4984,395.69632,119.11843,730.1841,422.23868,-71.760544,714.0373,422.49588,116.23951,716.92993,448.79193,-61.283703,777.63184,411.91138,89.58726,803.5074,444.7848,-79.20657
060.png,598.3319,193.5521,-65.691055,596.1912,176.93077,-58.028507,594.1619,175.33904,-58.335403,592.2774,173.89197,-58.342625,595.72754,178.1764,-98.86623,593.828,177.6103,-99.12141,592.01953,177.12973,-99.31739,573.77563,173.16891,0.75124437,573.7202,176.91727,-187.5733,586.6803,205.07358,-37.350937,585.89166,206.97433,-93.55747,539.1251,224.98392,101.09768,531.10297,251.84828,-251.80742,615.9708,248.90201,181.9351,645.32275,284.22638,-250.23677,579.5803,179.07716,209.35483,587.6076,195.30553,-91.98255,562.0907,166.0285,217.3475,571.313,178.0149,-108.37537,557.0801,166.92343,227.72427,562.4388,182.0995,-127.49174,559.12866,174.14935,212.42337,565.7742,189.87961,-96.60658,538.4689,392.4257,122.705055,541.58826,424.98047,-122.99324,633.63464,278.619,135.58278,653.2284,297.27258,-150.65971,723.7758,398.0809,121.001366,732.83685,423.95465,-60.005466,715.77515,423.99216,117.71748,719.55884,449.03986,-47.998257,785.9734,419.0493,88.71267,808.3718,446.8795,-64.97625
