001.png,217.5036,68.26636,181.3078,213.39462,62.82769,165.22885,210.86285,63.113987,165.06992,208.39856,63.405228,165.03238,219.99397,62.155083,160.10138,222.41832,61.885937,159.89378,225.0404,61.657005,159.82599,203.77307,67.731094,97.49218,226.74266,64.79587,73.756744,213.19946,75.27531,162.08649,221.13771,74.16989,153.9506,178.74117,111.628174,68.494576,250.49767,100.10434,23.876047,154.88261,143.34271,142.7395,294.4914,119.07299,59.00009,161.93681,103.11877,276.273,286.8147,72.447235,164.13565,156.40736,93.79103,299.59198,288.899,63.925304,175.11656,161.66005,91.135414,294.7227,283.1065,62.86104,178.05965,165.11122,94.43888,278.39224,281.5886,66.129196,166.78838,207.09941,208.7122,15.407958,243.07132,204.17946,-15.603409,212.94571,292.6482,9.892508,250.63574,288.19196,-58.676113,213.90004,377.1059,-85.72401,251.37677,374.35547,-144.44878,217.86742,387.89206,-95.0922,246.04208,380.85736,-151.3216,224.19302,405.57132,-94.63638,253.52551,407.1727,-154.56036
002.png,220.07072,66.15558,198.02112,216.63644,60.695866,182.16904,214.38281,60.841415,182.013,212.1683,61.015594,181.99284,223.39336,60.087444,176.86888,225.74721,59.679558,176.6661,228.26428,59.361233,176.62709,207.9045,64.57644,113.23584,230.64899,62.099815,88.78974,215.73277,72.391304,178.33104,223.73328,71.2613,169.95769,184.34128,107.272095,84.6801,254.49867,96.08626,39.975616,158.13019,142.60934,174.72775,297.04803,117.17882,97.32305,164.33772,101.04108,329.94705,290.25024,69.479485,230.20709,159.36832,91.911766,356.81897,292.3475,61.240044,246.3955,164.57295,88.97098,351.7116,285.83563,60.257557,249.01578,167.62643,92.36638,332.4276,284.16888,63.88422,233.58003,211.61533,199.34785,14.46758,246.95827,196.07053,-14.652509,216.44781,285.4451,13.782431,256.0856,281.70093,-56.078716,218.09451,367.4417,-86.81167,261.12817,368.36783,-149.01581,221.97318,377.25275,-96.25448,254.43066,375.46597,-156.23767,226.6376,399.26486,-90.21488,263.2706,402.3961,-155.1246
003.png,220.32059,67.67986,164.57838,216.39099,62.150307,149.6965,213.8275,62.377876,149.53731,211.30666,62.593292,149.51295,222.90738,61.789158,143.61296,225.28897,61.625446,143.40404,227.65851,61.45198,143.35788,206.909,66.53948,87.641335,229.01378,64.214386,59.412308,215.89038,74.50212,147.46811,223.61111,73.64835,137.99373,181.9932,111.7162,68.46586,252.23341,100.49069,16.73841,156.4318,145.54329,161.68498,296.1635,121.21222,73.80371,164.13597,103.485054,312.74124,289.14178,73.0945,202.1234,158.75821,94.09492,339.22977,292.4131,64.16735,216.81474,164.79132,91.37367,333.09225,285.8257,63.78616,219.06253,168.15613,94.712166,314.77036,283.41455,67.57263,205.3171,208.87297,207.16661,16.177736,243.70021,203.83284,-16.359621,212.72522,291.7103,9.692041,253.5527,288.09167,-53.634464,214.15768,374.25604,-83.091095,255.17523,371.39227,-140.71706,218.24492,384.7916,-92.07563,246.96306,378.78253,-147.74551,223.93938,402.99243,-88.67145,259.42862,404.7518,-148.58298
004.png,219.42142,61.97678,132.88206,215.2635,56.189396,116.91413,212.6136,56.309196,116.756134,210.10509,56.42136,116.75937,222.29807,56.187435,110.58623,224.8137,56.15973,110.36852,227.4356,56.112488,110.33653,205.23953,60.50392,56.58143,229.39932,58.90117,26.947416,215.03912,68.4859,117.11053,223.16942,68.20754,107.20838,180.35376,107.420586,47.46561,252.07574,96.34086,-11.836056,155.41812,146.18282,136.65456,295.1829,121.313385,43.06462,165.01372,104.39719,268.32703,289.19736,73.59425,162.89354,159.832,95.77834,291.5551,291.0725,65.068794,174.3628,165.93463,93.47706,284.46338,285.66614,64.20993,175.87895,169.20245,96.63172,269.71567,283.6243,67.8602,165.56085,207.38435,205.08261,21.700834,242.88097,201.89632,-21.859133,211.59717,290.1492,36.099316,251.1312,287.4377,-58.078304,213.99422,374.59372,-27.56647,252.31525,372.74503,-122.862976,217.55687,386.21173,-33.929825,244.85687,380.00476,-127.869385,221.30397,397.74533,-30.974106,255.01985,400.29584,-131.4939
005.png,200.122,115.32434,55.374306,195.83305,110.62555,37.005493,193.11038,110.85963,36.844402,190.36148,111.10548,36.84292,202.76517,109.432205,31.60516,205.13579,108.776596,31.402311,207.56665,108.23604,31.350996,185.61237,114.52803,-20.656618,211.25415,110.68876,-45.730297,197.1826,122.042404,41.5959,203.8626,121.44066,33.157158,165.09427,150.82439,-19.059711,229.93723,140.74785,-74.41332,144.87665,177.49107,59.834923,273.06525,156.10214,-41.410152,147.52354,148.75829,170.66823,260.51572,123.06071,45.41298,143.05688,144.73463,187.59637,263.77676,110.13033,47.419216,146.67082,143.35701,179.58408,257.55325,111.836044,44.96276,150.87497,144.52931,170.98203,255.36043,116.31391,45.301353,193.2748,252.07771,20.11903,227.89835,247.62286,-20.250002,207.61484,321.95416,76.43205,231.9669,321.27606,-6.858101,215.5661,397.12775,55.389626,232.71967,395.71735,-13.970714,215.051,406.77045,52.234104,228.36176,402.5352,-14.275171,221.90527,412.8293,45.05863,236.83331,418.2825,-24.605726
006.png,199.17424,121.76444,82.54346,195.26286,116.7034,65.25741,192.8065,116.95706,65.109955,190.32335,117.22734,65.100975,201.67776,115.84378,59.852825,204.01862,115.4813,59.638783,206.42473,115.20238,59.58299,186.3889,120.6114,9.5150585,209.53075,118.40151,-15.948247,196.12592,128.53574,68.84337,203.1077,127.51989,60.30982,165.04247,158.94788,9.97002,232.18907,147.14767,-46.476124,138.01814,180.94658,94.69825,273.10483,153.94894,5.897175,146.4788,144.80515,215.50877,258.60953,118.40226,116.22445,142.0981,139.50937,236.63065,261.5616,109.023994,126.04637,146.5459,138.14928,227.27274,255.95467,109.6261,122.958176,148.99977,139.74622,215.51617,254.72414,112.89227,116.90445,194.8624,259.1393,19.666965,228.84058,255.23907,-19.85976,206.26823,327.63843,36.33137,233.3917,325.5714,-28.040272,212.12386,402.2536,-25.912361,236.06213,399.42496,-75.7566,214.82143,411.26758,-32.51168,230.07639,406.9342,-79.399254,219.10237,431.92395,-33.90297,241.00049,431.8689,-82.70044
007.png,203.21017,111.85487,61.698418,198.82674,106.9696,44.1884,195.96031,107.195274,44.023087,193.03265,107.50835,44.001957,205.27448,106.20363,38.56515,207.28404,105.73541,38.369816,209.43306,105.31921,38.30978,187.62173,111.32203,-11.409015,212.90979,108.11224,-37.32116,199.5858,118.28372,48.279526,206.27962,117.95246,39.60576,169.31529,147.03197,-12.6063795,230.44847,138.08543,-64.523636,146.1622,169.9318,69.04709,270.66034,149.54228,-23.923182,150.70273,148.97227,180.93391,262.2849,118.30125,73.60359,146.09126,147.92386,200.25877,265.11975,106.80463,79.84821,149.84839,145.83623,191.6591,259.4597,108.22015,77.35866,154.56828,145.80286,181.30391,257.8774,111.47078,73.98396,197.41078,249.22986,18.19197,230.6009,244.55087,-18.378944,210.3706,318.71814,64.89638,239.36163,318.20526,-1.266499,213.28235,390.65454,29.043589,239.67802,389.9344,-21.50763,216.4089,399.3093,24.794918,233.93686,396.4883,-22.977571,221.4417,416.93536,19.83218,243.4369,416.10104,-29.810726
008.png,136.69211,200.93617,1.9867584,140.49606,195.80699,15.301028,143.19104,195.68292,15.157317,145.9058,195.54669,15.153256,133.36609,196.5984,15.707683,130.54756,197.08226,15.4826,127.53035,197.56676,15.367411,151.95941,199.8809,83.682396,125.56309,202.38367,86.34032,142.37677,208.49313,29.328749,133.35338,210.00974,28.503983,176.51836,243.3409,116.48625,104.74797,243.93593,116.11851,213.18727,282.69284,63.41944,65.48742,286.14172,40.823643,216.73703,224.12602,-89.27254,66.97952,228.21855,-113.69888,217.5567,212.61093,-118.43332,67.00349,214.12611,-146.97865,213.24382,210.25342,-123.90972,69.01726,210.8797,-146.52438,210.86124,215.02237,-94.56571,71.697525,216.50133,-118.87794,164.11304,362.54706,4.8482075,114.41583,363.64114,-5.039778,164.78928,477.06473,-42.92028,119.54023,478.91446,-57.628677,165.02945,566.6578,54.70965,121.542435,563.7404,15.180279,161.7682,581.4451,59.719955,123.24811,581.8689,18.914698,162.1962,600.57574,-29.253563,119.12545,595.1531,-72.10361
009.png,148.1799,202.96864,12.2545805,152.61278,198.1843,26.57131,155.4583,198.28114,26.432762,158.1428,198.38118,26.42522,145.04686,198.66124,26.693401,142.38788,199.2835,26.470629,139.48495,199.92455,26.36108,163.41415,202.246,95.38085,135.60548,204.34457,96.61593,154.59271,211.87993,39.324818,144.02228,212.1837,38.07706,186.82043,246.18391,123.61813,115.36462,247.36101,124.89588,222.4801,284.0358,75.78742,76.56432,287.18262,60.37281,226.14885,227.49692,-65.60745,74.81763,229.21469,-71.420235,225.18132,215.18286,-91.73349,76.11533,214.70563,-99.822365,221.9644,212.61638,-95.90996,78.033104,211.65753,-99.3674,220.62283,217.3749,-70.05383,80.08445,216.55098,-76.19471,174.48413,363.90967,5.266631,125.23165,363.38766,-5.4633355,176.21259,478.23532,-37.716064,129.58182,476.20325,-58.574112,176.64558,568.16364,40.485954,132.59996,562.3723,2.2337985,173.9059,580.4907,43.599205,133.58005,581.8212,4.904456,173.16167,597.7083,-46.508442,132.37556,595.902,-85.38728
010.png,144.2055,188.21776,7.6511736,148.25867,185.15076,21.596235,151.12091,185.59366,21.450531,153.86595,186.05669,21.43602,141.50546,185.17572,23.14766,139.32909,185.62709,22.925629,136.6605,186.18015,22.81232,158.63313,193.26482,87.93755,132.08426,194.41576,95.575325,149.89713,197.04947,33.459076,140.19156,197.32242,34.0493,180.79132,239.21768,107.43167,110.4456,241.1812,129.97992,211.50679,283.7406,54.108128,79.2242,289.49677,55.632526,219.24458,230.63634,-95.47993,74.50432,232.21428,-105.680305,220.95099,216.5526,-124.067604,72.5887,217.78769,-138.30797,219.3294,213.14566,-130.79022,72.78213,214.38394,-139.93576,216.5194,218.55208,-101.08184,75.86873,219.90475,-112.17681,170.40047,354.02185,-3.3534613,119.8926,356.15024,3.1562548,169.3884,472.57462,-47.90636,122.90176,470.8752,-45.740253,172.63037,560.32245,52.198296,128.02919,552.1617,32.315998,171.42506,575.3494,57.887768,126.11499,574.38885,37.049175,163.10173,595.7374,-27.188372,121.09907,588.6077,-46.400497
011.png,143.2827,190.84624,19.304573,146.9471,188.2792,33.894768,149.79344,188.49382,33.756874,152.54576,188.59026,33.7429,139.71658,188.69028,34.066463,136.87961,189.4269,33.846725,134.00366,190.12097,33.73843,158.43259,195.42778,100.17004,131.4701,197.42995,101.84248,148.7712,198.26593,45.042507,139.50209,199.49983,43.904785,182.37051,241.58653,124.65637,111.24239,243.3936,129.9907,216.10495,282.3668,78.00356,72.14261,288.93646,74.48057,219.57593,225.91534,-61.01744,68.8386,231.47444,-52.264072,220.60695,212.79523,-87.33178,67.836845,217.30836,-79.67309,216.0521,210.2228,-90.78011,70.22762,213.93457,-80.624374,212.68135,214.82889,-65.140854,73.08939,218.86852,-57.41427,170.2712,363.76712,3.8302822,120.06743,361.91104,-4.015061,169.78693,479.25012,-38.347466,123.35124,479.9339,-42.79694,171.04756,569.1962,49.546013,126.18332,567.59863,34.520023,169.56566,582.32416,53.848206,126.937065,580.5187,38.932953,171.69138,594.1108,-36.33502,126.06099,595.6233,-50.09911
012.png,144.94402,198.7719,15.496177,149.19643,194.13593,29.588137,152.01266,194.3015,29.451353,154.94127,194.44212,29.452484,141.31148,194.44456,29.778044,138.33139,195.0689,29.557566,135.59285,195.69316,29.445576,161.20398,198.22656,96.11602,134.40053,200.39223,97.989655,150.96117,206.148,41.348564,141.0125,207.19917,40.306473,186.3344,244.00215,119.65982,112.97957,244.20119,126.07872,217.26558,284.0115,55.780037,75.39955,287.69766,42.723347,219.38326,230.7875,-105.22995,71.52462,233.13167,-118.78172,221.05966,216.4581,-135.02763,70.92075,218.36157,-153.00334,217.71034,213.01566,-140.45558,73.72983,214.54582,-152.96396,213.76062,218.77596,-110.635315,76.326126,220.82832,-124.537506,172.33386,357.08948,-0.43280616,121.60494,358.4187,0.21122147,170.92088,478.1647,-41.6885,120.05283,477.154,-49.803696,172.56874,578.7762,16.615524,122.13958,584.34656,-3.241253,169.16797,585.8658,17.470646,123.31172,588.1463,-2.273785,170.85638,597.1396,-71.58221,113.40865,596.89545,-89.04546
013.png,130.41188,163.35971,-54.874233,133.42958,159.83957,-46.16888,135.32722,159.47974,-46.27747,137.27858,159.1102,-46.248066,129.1518,160.57538,-46.86051,127.75455,160.80756,-47.00821,126.104256,161.03517,-47.075596,141.67897,161.47021,7.8258862,123.71174,163.75873,4.8157806,134.18364,166.78282,-33.17957,129.43692,167.79265,-35.03295,164.23048,187.32747,47.422825,113.27862,188.39417,22.963573,189.81728,216.6747,-2.3980653,90.056496,205.5055,-57.949493,192.53806,183.58629,-125.69535,96.75428,164.92563,-186.92561,194.66931,175.44838,-148.50415,94.489555,157.08289,-216.30602,191.77187,173.33351,-154.92957,97.67787,155.54842,-213.90604,190.02214,176.43011,-130.9097,99.66039,158.80464,-190.3429,160.50842,272.00156,11.095961,128.90349,271.48752,-11.2241955,157.30415,335.78772,-18.644842,128.2709,334.21976,-61.35187,150.95868,400.53696,32.98205,125.65522,405.67505,-26.824278,144.74434,407.02975,33.803307,126.42043,411.2747,-26.723764,157.34811,425.01514,-44.71386,131.49004,434.70197,-109.00603
014.png,142.05972,162.25122,-69.65687,144.32652,158.41171,-61.005188,145.81154,158.21829,-61.11781,147.28726,158.11038,-61.092297,139.78773,159.23962,-63.93241,138.19748,159.58916,-64.07149,136.52484,159.95712,-64.150536,150.10909,160.52528,-5.921153,134.31729,162.38019,-19.035627,145.58746,165.73233,-47.23354,140.72061,167.09003,-51.99661,171.17458,186.10951,35.437862,120.88024,187.45409,-0.15159896,200.37408,214.024,-5.067345,96.92672,205.3585,-84.49847,197.3114,179.98123,-112.4142,106.42079,166.36992,-196.64146,198.80208,171.68872,-131.45517,106.39025,158.60638,-222.83641,194.45866,170.15776,-136.32588,109.11359,158.43004,-217.96297,192.87926,173.84695,-116.51961,110.11954,161.98706,-198.42192,168.85368,272.39655,12.491366,136.80304,272.67673,-12.609314,166.90443,334.50717,-19.12927,137.57669,335.72476,-51.313446,162.42812,401.3425,28.475124,136.46251,403.1594,-8.078615,156.67245,408.6379,28.94411,139.59499,409.5286,-6.9808044,171.1297,424.91858,-49.812122,139.98303,430.49557,-85.08591
015.png,144.09659,170.47374,-59.64567,146.60675,165.29158,-49.947258,148.49138,164.83188,-50.067238,150.34871,164.53189,-50.02626,141.5318,166.22281,-50.625595,139.74382,166.36404,-50.796295,137.8615,166.52151,-50.8788,154.04848,164.72871,8.144471,135.26706,166.94476,4.6568823,147.71703,173.94923,-36.47428,142.03838,174.89961,-38.56697,174.12851,188.59383,44.213314,121.21436,189.47054,25.686356,199.2835,216.86563,-9.705698,97.36918,205.74188,-58.893078,201.57062,183.68831,-127.572044,103.67667,167.60652,-186.56134,202.78328,173.64784,-148.96333,102.21907,157.48833,-215.06253,199.35551,170.82663,-154.43382,104.411064,156.01344,-212.21657,197.99614,174.84854,-132.17365,106.41586,160.59349,-189.90009,171.08739,270.8344,6.3306184,139.28181,271.24612,-6.45631,166.36766,335.33038,-14.206923,140.64679,335.23178,-56.756172,161.05527,402.87274,31.18524,142.30692,401.70248,6.2977476,157.33493,408.75464,31.221344,143.95102,406.7341,9.692775,165.73366,427.03693,-46.79843,148.38869,431.59412,-62.61335
016.png,139.24387,160.34094,-57.046093,141.2109,157.44734,-48.577366,143.11903,157.30771,-48.68338,144.91478,157.22104,-48.661495,136.39548,158.57384,-52.076584,134.87306,159.22787,-52.21947,133.29813,159.88611,-52.29981,148.44327,160.0353,4.0757895,130.73892,163.52153,-11.48544,143.57057,164.17259,-35.6731,138.3993,165.7387,-41.09133,170.35536,187.8987,45.619568,119.75555,188.61499,-0.8302686,198.82327,214.00407,4.7057824,95.29522,204.23296,-87.98282,196.49298,181.68114,-105.364265,102.79741,164.88666,-203.26006,197.37177,173.06839,-124.44166,101.76541,156.82433,-230.4619,194.68251,171.26727,-130.47395,104.576,155.42328,-226.04915,193.32445,174.89255,-110.19867,106.133446,158.78123,-205.27473,169.80043,274.78833,16.289694,137.35841,275.17365,-16.400139,166.20166,336.29367,-34.472332,140.17259,336.53555,-64.76543,163.27165,405.1516,-0.30674648,141.26518,405.57666,-30.887074,159.22252,413.02084,-1.0077314,143.56903,412.38104,-30.640156,172.08264,428.0215,-80.29204,147.95021,430.0317,-109.356865
017.png,143.77074,164.49506,-37.7344,147.15749,160.05548,-31.699026,149.32529,159.56096,-31.798435,151.38106,159.30687,-31.782019,142.69244,161.67041,-30.953402,141.65865,162.13927,-31.095455,140.67345,162.4158,-31.18297,156.30678,161.73718,9.582078,140.35173,164.10886,13.363805,148.74919,167.89893,-20.682579,143.29071,169.82555,-20.400064,179.46812,190.75511,40.683743,127.62745,189.23524,27.55904,203.9937,213.48547,-3.1501586,100.88791,205.18436,-39.805542,203.00554,181.07933,-100.13489,109.404144,164.35251,-142.79153,205.66661,173.25162,-119.199356,107.09849,155.66458,-166.58122,203.05586,171.1934,-123.19467,111.23406,154.74837,-163.18834,200.80157,173.80089,-103.8859,112.80776,158.02138,-145.01666,175.78938,275.59866,6.9441924,144.23703,274.82388,-7.071871,171.18791,339.2345,-20.412981,143.38129,338.70898,-39.28505,168.68047,401.73987,20.529514,141.81924,401.57935,5.013328,162.50662,402.6111,20.625782,141.90608,403.0366,6.5087914,169.92426,403.74445,-53.628834,138.78885,418.59244,-65.28064
018.png,142.92279,182.96103,44.532036,142.64449,180.13753,52.373806,143.32137,179.74654,52.333828,144.08601,179.45836,52.33881,140.00093,181.51317,50.78987,139.15718,182.06476,50.705807,138.24031,182.5722,50.69787,145.64262,180.71284,81.961395,137.07692,185.0497,74.57416,145.73857,185.38005,55.96248,142.92496,186.99936,53.23096,162.53497,201.21567,76.66095,133.58844,196.38232,76.23505,194.21512,217.22226,35.650436,98.670906,202.81955,19.727104,197.36461,191.54594,-10.162546,112.03771,170.64001,-19.480124,200.9245,183.89224,-19.91502,114.594925,164.53041,-31.067484,200.39154,181.82704,-20.829597,112.41003,161.72112,-20.453672,198.96864,185.29019,-11.7515335,117.437675,164.6197,-17.327433,169.72745,240.07985,-11.657119,156.47209,241.15611,11.428966,152.6525,297.41342,-63.1773,147.65164,286.64352,-20.034761,151.0177,363.32404,-106.05952,153.63512,329.10043,-31.41314,154.22421,374.39703,-112.74261,159.76466,336.74115,-34.615654,137.37875,380.806,-172.6279,144.04495,340.96915,-83.4234
019.png,139.75316,162.10725,-72.64247,143.01183,158.84143,-64.30252,144.91458,158.53142,-64.427216,146.77368,158.34811,-64.40715,138.67976,160.04678,-65.4401,137.44833,160.47176,-65.57888,136.06541,160.83011,-65.651024,150.53654,161.72455,-13.083819,133.9854,163.74298,-17.737614,144.1441,166.04848,-52.060734,138.9989,167.16441,-54.428066,171.56758,189.25403,21.510101,120.716774,190.3939,-2.1303983,197.79839,218.60896,-38.85924,95.42792,205.40352,-86.97887,198.31067,184.48338,-167.84528,104.79817,164.35135,-207.68608,201.54358,175.22517,-192.07614,103.263885,156.8332,-236.79729,197.59949,172.59813,-198.1196,105.656364,155.19283,-233.58159,195.36124,175.93863,-173.1211,107.53336,158.49295,-210.80072,167.88864,275.4132,9.285884,136.382,276.37076,-9.398491,168.65485,336.73322,-27.39959,135.56036,339.47833,-39.30156,162.94304,404.36328,20.194052,135.90036,406.8948,4.3649554,157.45576,411.48773,20.27221,138.04224,413.4317,5.0240355,169.98343,426.72083,-62.069958,139.70338,432.51794,-75.84818
020.png,147.31941,148.59108,-62.93226,149.73355,146.41978,-52.844032,151.57681,146.81827,-52.961475,153.35191,147.2249,-52.930424,144.61888,146.61946,-56.069237,142.7588,147.07753,-56.210777,140.8086,147.56085,-56.29544,154.98346,151.585,4.1953197,136.64708,151.8626,-10.640715,150.90146,154.54805,-40.412838,145.48695,154.69691,-45.687386,174.85422,184.49585,48.053665,123.78023,181.32207,3.267225,195.89992,217.51501,5.064639,102.23959,204.64223,-83.062195,200.92813,180.05473,-114.46411,105.90589,166.62535,-210.4869,203.188,171.45384,-134.77135,104.00005,158.21098,-240.22984,201.1332,170.11798,-140.79817,106.429535,156.48204,-236.55783,199.67603,173.47638,-119.31695,108.44774,159.83904,-213.16862,171.0146,266.54614,17.813187,138.61652,266.20755,-17.931799,167.85632,329.461,-2.3759696,139.69223,329.79776,-55.078693,161.01704,394.72775,64.88699,136.80896,398.1201,0.82916015,154.95447,402.23532,67.37955,139.09813,404.2578,3.236222,169.10252,417.20544,-9.595153,143.49055,428.14716,-77.14623
021.png,459.23355,65.18458,173.57855,453.57904,54.36397,139.02988,449.03558,54.294823,138.83156,444.91476,54.30088,138.81644,467.41412,55.49095,140.08746,472.16028,56.171307,139.79324,476.3246,56.642296,139.71812,439.2841,61.54494,13.909359,482.63165,64.25507,17.23855,449.6701,75.98523,139.87672,465.3189,75.540726,138.71513,394.49847,141.07019,-28.978817,515.95306,150.75873,-7.8249006,326.58627,203.25385,52.653774,574.8086,216.5248,95.69105,334.62512,127.05068,217.04211,558.2529,144.96786,250.18645,329.48148,111.14651,235.02167,560.29004,128.45537,257.43716,341.78476,108.580185,226.20853,549.6667,125.91318,259.5634,346.1223,114.79151,218.8351,544.6906,132.60713,252.35225,419.4591,319.45862,0.6006192,471.3515,319.42288,-0.5650775,426.9446,453.41748,143.08148,469.1252,452.3782,79.43574,433.66223,551.153,277.91916,461.8749,559.3794,164.02435,449.70132,596.1119,290.69995,453.424,608.43713,172.36856,432.1623,545.8824,295.85373,458.51657,567.32086,161.05629
022.png,457.31165,79.785904,177.81444,450.3393,69.10583,144.779,445.17325,69.19188,144.59744,441.05692,69.18124,144.58778,466.20163,70.85781,145.00017,471.3324,71.90091,144.68625,475.99533,72.573845,144.63383,434.91318,75.389244,28.604815,480.7162,78.50816,28.156614,448.02792,90.51127,147.40247,464.8608,91.60585,145.13799,392.82205,154.78825,-10.285404,512.5845,165.37964,8.361062,314.53464,206.37494,66.831924,573.1041,218.43658,120.04623,327.1579,126.87166,207.95918,550.4007,144.83104,273.7772,322.34695,109.41891,220.98387,552.9377,128.55832,282.70282,336.30066,108.55312,211.67706,544.40564,126.27329,280.31052,340.08884,115.188156,208.62674,541.05493,132.95935,274.43317,418.02542,333.67328,2.4886868,466.43054,333.69473,-2.5115669,428.07504,473.40915,97.25196,465.58597,466.0824,45.40292,437.63596,597.0447,208.10814,461.90195,571.0408,122.01455,446.40656,620.8561,218.61305,444.84708,625.15045,129.72115,417.23816,595.61566,219.16307,457.97635,591.3596,116.604034
023.png,459.13568,75.97748,140.86829,452.18564,64.84375,107.07948,447.38086,64.5427,106.88376,442.7524,64.238174,106.8864,466.93185,67.1507,104.78193,472.01038,68.07956,104.46943,476.48352,68.57532,104.401474,434.9089,70.4256,-6.6317306,481.24307,74.40785,-18.274849,450.1423,85.717926,111.913506,465.41852,86.530014,106.41738,391.69644,147.3674,-34.01405,509.5587,160.19412,-38.993244,316.98846,204.68309,54.467518,572.56036,218.07062,64.29153,325.18082,130.30444,195.62706,550.6093,143.43364,209.73372,319.72714,112.75627,209.15439,554.26263,126.13666,214.17722,333.38223,109.95593,198.27257,543.6676,124.150925,211.95197,336.32352,116.16868,195.81267,539.92975,130.4505,210.20265,415.579,324.68558,11.0717745,461.65912,326.0798,-11.085798,419.64188,454.38086,135.72252,460.00824,453.665,44.002323,423.31802,552.6674,255.91151,453.883,551.27374,128.23416,434.2201,602.40906,267.26187,438.2232,606.6262,136.94095,421.15308,551.1038,270.673,452.36053,551.8468,125.17659
024.png,471.43066,57.10298,168.59012,466.95578,47.139053,138.57271,463.01315,46.746185,138.39136,459.32288,46.149395,138.41743,479.9323,48.363907,139.23618,484.86542,48.781998,138.91206,489.82556,48.995167,138.86958,453.72156,50.75374,33.212727,494.69208,54.875916,35.85434,464.30063,66.67581,141.17676,477.1589,67.39228,139.71117,408.77225,123.74318,-13.31582,520.9771,139.67865,31.217545,335.04456,183.15384,75.23822,569.5634,195.50134,128.19476,346.0494,100.73314,215.10759,550.8779,128.65254,256.07162,338.92606,84.26888,228.47595,554.5267,110.69597,263.80304,350.4476,81.76558,217.95709,545.18396,108.89771,259.78793,354.0025,86.922226,215.94434,540.0814,116.426636,255.75888,418.26163,296.9513,-19.02801,471.43713,299.03952,18.907095,434.16458,431.66553,53.690857,471.01978,429.76862,53.539967,432.74164,546.2584,127.21106,464.0329,542.3189,112.95633,449.52365,583.88025,133.77907,464.57074,554.511,119.99663,414.46436,556.24615,132.87878,441.14813,553.0845,124.04362
025.png,386.95624,66.88683,214.64543,383.04117,57.29953,183.82365,379.11877,56.777164,183.62926,375.38098,56.017006,183.63705,396.01492,58.741165,185.19487,400.9606,59.189976,184.86902,406.10388,59.445564,184.82657,369.4915,59.772198,68.64356,410.93948,65.10319,74.29239,379.02365,77.11797,183.37444,392.05624,77.48692,182.75012,324.7401,133.60684,10.079064,434.96814,149.34596,60.535458,249.25325,188.99962,100.32988,481.4625,202.51117,161.88715,261.08185,107.71975,268.502,467.27136,133.61696,312.21613,254.88469,90.75016,289.38385,471.0315,118.73343,327.25098,265.2344,87.90631,281.82715,462.92615,115.997,326.8819,269.13348,93.729576,271.4974,458.3369,122.23577,314.06992,332.51456,304.26224,-19.218225,387.9332,307.14624,19.1112,346.03635,440.24738,33.505157,383.8465,437.0483,26.752644,346.40668,560.83826,67.78393,388.86676,557.3349,32.59081,361.23566,574.8187,70.6987,390.06387,571.3584,34.286083,326.347,567.18317,75.10716,361.97705,576.19763,37.93892
026.png,393.7818,51.38372,116.641304,390.21805,41.22087,87.0384,386.03333,40.880505,86.83741,382.2188,40.603962,86.87487,403.63104,41.90303,84.46499,408.66296,42.368103,84.1206,413.5047,43.082268,84.05608,373.84903,46.062004,-7.5197315,417.9671,50.652657,-18.543152,385.32526,61.534542,94.201324,399.46164,62.28527,88.68352,328.72202,115.44277,-33.27237,438.6348,133.96707,-18.468796,254.59975,174.9865,55.793076,487.25928,193.57208,72.113396,267.69748,92.16444,166.93515,472.8959,121.10307,192.02338,263.17627,77.48976,176.42397,476.03967,106.18851,197.1316,274.89432,76.2571,163.46384,469.28616,103.01011,191.23213,280.12018,82.29274,166.02739,465.35263,108.46012,191.21596,339.15024,290.90143,-13.0180235,392.0986,292.00323,12.838937,347.9828,425.24902,56.753723,383.538,422.84674,55.95559,343.92755,540.5305,128.98338,376.85056,536.9347,108.19888,356.6689,555.08374,135.04694,377.20828,553.24945,114.20272,327.4469,544.41,137.5851,359.95282,540.106,118.92702
027.png,341.5364,51.577595,106.67099,337.64062,41.77519,76.89121,333.84302,41.495163,76.6911,330.23032,41.18804,76.72668,350.80792,41.969902,75.192635,355.9971,41.924168,74.81494,360.94632,42.084564,74.733765,322.97067,46.41993,-12.790914,365.8986,48.782787,-20.119902,334.32626,61.616795,86.29537,347.47842,62.002518,81.83433,279.81732,118.39214,-39.07604,393.14673,133.27373,-13.64298,200.50063,176.15147,25.980442,439.03433,189.18445,63.601097,218.77866,92.942314,95.49822,422.4543,119.878944,156.1776,212.55919,78.36771,96.8652,425.3338,104.8015,157.94241,223.83292,76.66276,82.36597,417.53848,102.81388,148.62497,229.92659,82.99797,92.56045,413.39758,109.24471,153.29015,298.2658,303.6882,-18.060215,353.34814,301.79987,17.833282,309.05203,446.68155,43.398186,343.0233,440.31927,58.995056,317.0903,563.6067,119.22754,342.7363,554.6386,107.92329,328.74033,600.40533,125.59814,344.0326,572.0787,113.42106,283.60605,573.7925,121.35991,324.88016,550.8783,111.07146
028.png,314.20807,116.32062,219.24101,307.64746,107.67894,190.98135,303.60364,107.97317,190.82773,299.77484,108.37189,190.79431,319.56055,108.54264,189.62186,323.78806,109.03942,189.34521,327.76547,109.267365,189.29475,292.1095,115.1103,84.52736,333.16385,114.230125,77.670425,306.95932,126.52779,190.28256,319.95343,126.13239,186.5607,258.73148,184.32678,47.171055,367.46616,188.53674,30.933704,196.09367,233.72398,133.26073,426.78375,236.2377,103.95271,219.01039,167.50137,289.75684,401.8669,170.408,227.98174,213.33928,153.22629,308.73663,401.20938,155.90152,233.61732,227.91977,151.01149,298.6123,393.78787,155.42642,231.7874,233.53705,156.4676,290.0807,391.45648,160.56729,227.82753,281.9819,337.12018,15.380614,335.49048,341.074,-15.436564,283.02557,458.65964,84.69619,327.1943,457.89288,13.369535,290.6808,588.0328,129.60986,322.3621,567.6205,54.381695,295.76102,610.3086,133.80296,308.9665,606.5073,59.007416,276.56857,591.93146,135.74506,330.3812,581.84045,51.632328
029.png,345.2216,114.27078,207.15474,339.30536,105.50201,178.11787,335.2978,105.59448,177.94632,331.41037,105.765564,177.9158,351.35434,106.53492,177.68773,355.71585,107.00658,177.42906,359.7173,107.22577,177.3883,323.3384,112.23049,69.02442,365.248,112.38736,66.359856,338.10568,124.26947,177.46422,350.98764,123.68645,174.89713,288.26645,181.5443,25.350988,396.1478,186.93741,31.072844,226.63683,235.22957,105.49036,455.4106,236.55475,104.08285,243.27187,167.06311,256.5224,438.03943,172.11617,217.60587,237.8902,152.73128,272.91776,440.6795,156.34827,221.74141,248.08765,150.15506,264.3578,433.23767,154.97386,220.53331,253.82483,155.55339,257.61642,429.4848,161.37143,217.61185,310.81143,332.98743,4.807861,365.70648,335.86908,-4.838572,313.90677,449.8153,82.0333,359.11215,453.7774,29.188154,314.9715,556.61127,131.0259,355.1959,554.41125,75.95029,325.17914,590.71533,135.49706,347.12604,592.45416,80.97662,318.07642,551.1828,142.4214,353.72824,545.35406,79.98344
030.png,361.76526,82.26437,180.29318,355.7092,72.55074,149.78595,351.3263,72.69992,149.60947,347.82318,72.650024,149.60208,368.83585,73.47549,149.83507,373.57037,74.346344,149.54591,377.74924,74.99471,149.49031,342.9848,78.44468,40.02294,382.64072,80.911095,39.002136,354.2045,92.16546,151.07515,367.43414,92.67638,148.81155,302.01535,148.32407,-4.425325,411.19434,156.15118,17.643925,224.66489,186.66307,78.16928,469.27505,200.40967,115.20489,241.99936,115.569695,236.86263,445.97986,127.15016,262.97092,237.58156,98.739075,254.77646,447.14926,111.96397,273.3542,251.37663,97.2154,243.90962,440.1394,109.8865,271.257,254.14859,104.07163,237.31,437.06125,115.8782,263.51797,319.23856,314.6908,-6.1065927,365.338,315.16708,6.0741787,322.77914,439.4473,91.320946,359.26968,440.8566,52.145977,319.2679,547.7765,188.1082,347.27185,545.7487,120.35116,328.05032,560.0907,197.17793,344.3662,558.29474,127.64691,310.16486,552.33813,203.70102,339.42618,551.9953,127.2012
031.png,154.27269,100.92256,35.143974,150.8354,93.658134,12.736166,148.01273,93.33129,12.567805,145.42085,92.9628,12.612003,159.27676,94.60034,11.14201,162.52414,94.87242,10.921909,165.7351,95.048615,10.887402,139.86757,96.473274,-55.410763,169.35097,99.779045,-62.531666,149.3977,108.076866,19.489809,158.4158,109.02804,15.879251,111.04274,151.50363,-60.499012,193.52368,154.21693,-56.36783,75.74745,204.46217,-2.9928222,226.59555,203.74055,4.566296,55.396378,155.7859,70.99842,235.17043,152.29926,78.49919,42.628445,146.49481,72.75794,243.78235,144.9702,75.970764,51.236465,141.6494,67.903114,235.78847,140.16835,76.73465,57.313858,144.6335,72.13359,230.10625,142.80826,79.70147,137.13173,278.9037,-0.17174682,174.7961,277.40668,0.098183416,146.52519,367.1289,71.75169,177.84805,363.97742,65.76557,157.53079,452.30487,130.77885,180.21165,448.55826,136.1329,159.86758,464.1681,134.83315,177.29932,459.74063,142.65477,154.80086,466.6581,116.58041,177.3103,458.0058,126.69763
032.png,178.83722,101.12461,35.309303,174.98116,93.95635,14.582142,172.156,93.67103,14.398783,169.49739,93.40885,14.439448,183.17484,94.8569,12.492507,186.31393,95.165016,12.266081,189.30453,95.40119,12.234505,163.59898,97.42237,-47.133194,193.0173,100.36252,-56.298344,174.21916,108.42843,21.651833,182.75189,109.2932,17.495132,133.79974,151.68666,-48.180016,215.11269,153.61974,-47.743176,97.60632,202.96162,19.011074,247.09811,201.40144,13.577084,77.01619,153.67656,98.086174,257.9033,150.68362,80.37027,64.79201,143.52002,100.48438,266.1649,143.26125,77.9731,73.64188,139.73805,95.71394,259.22577,138.0983,77.301125,79.78487,142.9113,99.29865,253.44365,140.4524,80.89196,160.31316,277.31332,0.8556826,196.3811,275.28577,-0.9534065,172.9806,364.54327,61.974506,197.64632,363.1787,65.58642,180.32745,446.01917,115.08055,197.98203,442.33276,133.65726,181.9806,457.46936,119.052505,197.37212,451.4515,140.33395,183.49811,458.35992,106.91367,198.02882,455.07684,129.35796
033.png,151.20663,101.20449,30.8543,147.56026,93.55874,9.12551,144.75052,93.24878,8.962609,142.15697,92.94344,8.992521,155.59181,94.57497,7.119778,158.61795,94.8144,6.911729,161.5373,94.92121,6.8826337,135.91895,97.337166,-57.504227,165.32838,98.79931,-66.64499,145.97653,107.79126,15.343634,155.13959,108.59594,11.24214,105.484985,150.98802,-63.40203,189.49364,151.10112,-63.24747,69.79448,205.08015,-12.931166,221.96066,202.35568,-12.186338,49.313725,153.3361,53.586548,230.03848,151.58043,49.998222,36.92541,143.86809,53.55206,237.05244,143.22058,45.56707,45.983894,140.22249,49.406998,229.93611,139.32803,45.601307,52.98724,143.26834,54.54848,225.11646,142.26024,50.50704,133.19388,276.0449,1.5898511,170.39548,274.407,-1.6669257,140.78189,361.04385,74.13218,174.10037,358.7797,72.24357,151.72343,442.94223,128.41034,175.77756,440.44626,137.10867,155.58557,454.2791,132.15376,175.19522,451.0162,143.03351,154.45468,454.88773,115.58977,173.27625,451.228,127.273476
034.png,149.82318,107.36376,44.758575,145.50249,100.73539,23.334625,142.59894,100.44471,23.179737,139.98741,100.12965,23.22363,154.18733,101.43691,22.977663,157.41594,101.58961,22.75844,160.53294,101.692375,22.725945,134.70102,103.99784,-42.643326,163.93434,106.653534,-43.93574,145.39381,114.52936,29.449293,154.20773,115.13733,27.563906,107.67182,157.14328,-56.8744,187.63855,157.39885,-30.37988,68.148796,207.19936,1.08277,222.57251,204.15776,36.618683,50.414852,153.80609,81.78663,231.03874,153.9452,109.45728,37.133614,146.13675,83.5635,239.2515,146.05945,108.612015,47.40304,141.83672,78.367355,231.66893,140.83159,107.68431,54.021893,145.05873,82.86905,226.10117,143.51875,109.94977,136.19142,281.87082,-10.575254,173.66351,278.86694,10.491512,147.4772,365.71738,48.394985,177.80307,362.07004,65.11075,162.9313,449.02936,100.56283,183.52457,447.1157,132.21861,166.31921,460.8513,104.10212,183.96268,458.1249,138.61264,161.00201,457.73294,86.97332,178.96515,455.3396,126.20877
035.png,153.29303,109.87618,37.486458,149.39398,102.90176,16.10452,146.23666,102.78251,15.932871,143.33017,102.6201,15.975021,158.44653,103.54335,13.529322,161.7252,103.84081,13.289765,164.84042,104.126724,13.2550745,137.1569,107.15279,-46.95634,168.25156,109.12029,-58.604477,148.19194,117.51677,23.534775,157.38783,118.12216,18.644659,108.282074,161.47346,-44.865185,190.29749,160.40031,-57.00482,65.97686,207.8888,17.33304,225.66302,204.67674,10.990029,49.70074,153.73622,88.79687,231.69487,153.1162,90.36717,37.69786,145.72807,90.54906,240.53636,144.32922,89.19378,47.50708,141.42802,84.94121,231.19452,139.8817,86.87776,53.64092,145.35263,89.28915,225.61275,142.83716,90.52339,133.93364,287.9759,7.013208,171.18478,285.58414,-7.111741,149.03365,376.25763,68.2645,174.61226,374.66937,56.521603,159.42389,459.06308,116.26768,179.27759,455.24173,126.636986,161.36441,469.94266,119.57742,177.77931,464.36993,133.49005,165.06454,473.8417,103.16862,182.4793,470.73816,117.78983
036.png,165.4595,151.9636,115.15126,169.8252,151.952,131.80147,172.55008,153.13318,131.6707,175.29564,154.26857,131.6826,164.08887,152.03789,132.47731,162.65543,153.0143,132.28851,161.20709,153.8349,132.22958,178.76155,162.86569,189.16832,160.7865,162.24507,192.81978,171.1956,160.46625,136.01236,164.11295,159.41672,135.43228,206.03198,200.72163,183.41724,127.09137,197.95134,201.07996,262.1818,226.14658,108.61788,69.29532,215.82709,134.35472,277.70102,171.33212,-31.992125,62.671402,160.22021,24.899675,286.92877,160.72853,-57.306595,59.50897,146.6278,1.9262513,282.63858,157.91258,-57.261177,63.845276,144.79335,2.3450265,277.9891,160.50323,-35.442463,66.97075,148.73326,19.664516,183.72758,311.59918,2.5308287,138.85208,310.27335,-2.8220923,176.25235,430.994,-41.157993,128.84016,427.55078,-54.146145,162.48535,531.46606,12.529869,129.06995,529.08575,-14.495016,156.93436,535.8496,12.894097,130.78218,537.71405,-14.291522,160.78044,543.3518,-82.70131,133.23663,544.08344,-108.29523
037.png,179.58911,117.41913,-21.659832,183.5969,116.99324,-8.842178,186.34389,118.38775,-8.998671,189.04485,119.6571,-9.005354,177.13365,116.20136,-8.447069,174.99997,117.05857,-8.643992,172.69498,117.95308,-8.720412,192.19415,128.53778,52.849247,168.49394,127.712776,54.43753,184.06573,127.803566,1.9141204,174.9871,126.19554,1.0230172,216.72026,171.70866,72.411766,135.71072,172.59964,82.541306,270.90042,203.93686,20.578772,78.72336,199.25687,-10.564509,289.6829,151.18231,-102.770676,71.31032,141.64604,-167.13637,297.9262,137.95312,-127.48335,64.978584,128.53099,-198.179,295.74384,134.28072,-133.29231,70.541794,125.01248,-198.99945,290.8841,138.76257,-108.38801,74.246346,129.39825,-173.56648,190.02037,302.41895,-0.42538518,144.82265,299.18576,0.19871175,181.01393,410.41238,-25.233925,134.42459,407.1558,-38.51398,165.27844,509.16754,57.556953,129.03258,504.67123,28.890614,159.70447,512.4538,60.545578,133.90968,511.31656,31.787943,161.09473,516.1487,-40.033203,128.66396,514.354,-68.256744
038.png,166.45407,129.4949,-45.97772,171.47136,129.5088,-34.828693,174.74469,130.39847,-34.984264,178.01259,131.3481,-34.97632,164.39609,129.71169,-34.729942,162.53755,130.59317,-34.953964,160.68805,131.27946,-35.051235,182.19666,139.81369,24.392498,158.53102,138.96979,25.285763,171.82188,137.05908,-22.485937,163.6222,137.04042,-23.663492,207.29138,179.10382,53.912174,129.77419,180.88132,55.73108,261.4164,205.49832,6.01056,74.58585,203.02531,-15.178775,275.50403,151.2402,-114.05033,64.00539,146.44583,-139.69008,284.69022,138.9033,-136.85191,58.45251,132.81885,-166.3784,281.5747,135.8674,-143.06758,63.5525,130.7576,-166.52705,276.6038,140.94354,-119.50149,67.07007,135.54054,-144.98744,188.3007,305.03436,2.5861833,141.71217,303.19113,-2.831238,185.78741,412.364,-15.088549,132.25015,410.80594,-38.84758,181.91373,505.0658,72.23643,124.54052,506.6292,27.86601,175.8675,514.6065,75.598,128.97307,516.68677,30.890175,184.0016,531.55884,-22.785393,119.80388,532.4144,-67.0057
039.png,170.9124,120.46491,-30.10631,176.02283,120.89912,-17.717321,179.32028,122.02051,-17.884434,182.34596,123.00317,-17.890093,168.60892,121.05393,-17.963053,166.54399,122.148,-18.193615,164.5729,123.018814,-18.291409,185.15471,132.68147,41.367474,162.14981,132.03009,40.555824,176.06676,128.8999,-7.136492,167.5573,128.67804,-8.869571,211.62302,177.38602,65.28968,130.47649,179.65504,65.06451,269.4023,201.20473,23.816446,72.61016,197.09663,-4.201017,283.45804,146.61845,-91.94291,63.70935,140.52654,-125.82138,292.32825,133.68158,-114.784546,58.50714,127.16229,-152.49608,288.84433,130.27493,-121.57311,63.567074,125.050285,-155.61241,283.63693,135.30496,-97.87035,66.613716,129.46283,-132.53276,190.73671,310.2731,4.7686095,142.3013,307.5787,-5.0110574,185.92963,421.97574,-20.189749,129.43198,417.57642,-47.634254,178.20358,522.0209,68.78302,121.289375,519.45593,17.098154,174.12932,527.6519,72.37676,123.58,528.99225,19.807838,178.63562,538.371,-24.603386,117.34983,536.6993,-78.52133
040.png,163.70119,101.92207,38.528664,168.53993,102.06798,54.190517,171.81067,103.81819,54.036205,174.82709,105.55194,54.032497,160.8645,102.55158,53.4987,158.69777,104.41051,53.292435,156.64915,106.192085,53.22503,178.16281,116.45942,120.28096,154.41557,116.478,117.640884,169.80797,112.933,62.97616,159.39272,113.26227,60.65677,209.76457,164.15457,128.85858,118.03079,165.35687,133.34065,276.3302,192.1282,49.467674,52.36119,188.79811,40.066193,292.2506,129.23454,-121.21549,45.138077,125.771126,-109.85089,300.7441,113.092995,-154.2973,37.607315,109.643814,-141.91743,297.16476,109.1504,-160.04831,42.116226,106.71408,-143.32431,291.355,114.49642,-128.25302,47.176437,111.39107,-116.690475,189.89525,307.74518,3.1305308,135.00616,305.7857,-3.4001994,185.47816,431.976,-19.259977,121.93743,431.9189,-33.016907,179.11095,528.5924,70.126526,112.63249,530.293,23.673254,174.8934,529.11694,73.64215,113.96609,528.8785,24.861338,177.81853,533.68225,-29.653402,107.10471,562.57574,-82.857895
041.png,179.6199,99.17558,45.887314,185.3589,99.87393,60.31585,188.84366,101.41071,60.162903,192.18295,103.00965,60.167786,176.54602,99.800995,59.876766,173.70288,101.08027,59.635063,171.06895,102.20536,59.55854,195.35327,113.72388,118.89757,166.9652,112.05977,117.758865,185.1852,108.15294,68.028015,174.59067,107.62261,65.90499,224.16112,162.67543,126.191795,130.21367,164.15424,142.12437,291.08826,192.4491,77.255775,64.28356,188.21893,98.84675,308.0105,129.37395,-54.504745,54.692726,122.942474,7.0284867,316.0576,113.62441,-77.91023,47.439533,107.696724,-13.434155,311.20718,110.128494,-83.90615,52.38491,105.15682,-16.358807,306.418,116.13614,-59.891098,56.757614,110.278854,1.1119459,199.7906,305.30356,-0.9817089,143.8184,301.57874,0.6602085,193.85005,439.14926,-32.53413,126.06022,435.46896,-33.365185,188.47447,549.95135,12.185607,114.37421,551.6298,-18.621853,184.55682,573.0674,11.640882,114.666275,556.88025,-21.12909,180.41885,587.53125,-84.11767,107.194305,582.4055,-118.22239
042.png,171.87424,79.969124,-61.02034,176.2578,79.99075,-48.931145,179.14862,81.4204,-49.111725,182.09161,82.66347,-49.10424,169.58127,79.90775,-49.03639,167.5342,81.215,-49.272892,165.42897,82.37317,-49.384876,185.90994,92.15137,14.146024,162.48976,92.13753,14.25536,176.25778,90.146454,-36.20898,168.30081,89.155685,-37.716312,212.95396,137.64798,43.48931,129.45958,137.04716,42.947605,271.60342,165.18207,-17.692636,72.48745,158.80684,-42.560715,289.52838,109.46606,-148.56926,63.95167,98.884,-177.14589,298.82904,96.52636,-173.87108,59.619083,83.77523,-206.25356,295.9411,92.49287,-179.76079,65.02207,81.21576,-205.92953,289.9341,97.517555,-154.47295,67.90706,87.07972,-182.70988,192.46132,271.70193,3.1398814,143.87773,269.80182,-3.39783,187.64807,386.99207,-17.475433,129.64537,384.69336,-29.763172,178.86208,486.896,80.89447,121.11695,482.22876,52.33472,173.66579,496.71854,84.887985,123.09599,495.08026,56.572952,180.41557,521.92773,-20.464619,114.04306,516.8672,-46.09003
043.png,182.13855,90.81339,-46.99799,184.92255,91.41632,-35.56224,186.9336,92.720375,-35.729286,189.13962,93.945656,-35.723877,179.47049,91.4966,-35.60289,177.19478,92.93416,-35.798573,174.78806,94.33837,-35.878883,192.66264,103.58666,21.079285,171.57188,104.059296,21.49642,185.1213,99.734474,-25.181961,178.47424,98.90535,-26.411892,219.62437,147.37805,43.352806,142.54002,148.4109,44.000355,274.64597,173.57593,-19.520676,88.520805,169.69374,-54.081444,289.90543,121.31655,-139.31554,82.67878,113.484406,-195.65248,298.5523,108.62034,-162.80136,78.15093,100.51864,-224.9123,295.7659,105.25702,-167.0972,83.813126,98.49811,-224.09601,290.65698,109.27442,-144.32823,87.85437,103.499344,-201.09973,203.86868,266.43274,2.8149006,158.75302,264.45316,-3.0411906,199.55089,374.83777,-17.759642,143.202,372.61935,-36.432655,194.03076,463.78955,71.59639,135.75052,460.8193,41.996788,189.35713,473.7644,74.95609,138.95013,471.96243,46.06931,195.77054,494.67157,-21.411016,128.65276,490.6143,-46.558655
044.png,172.17894,77.05669,-61.741886,177.01865,76.523315,-47.682697,179.93544,77.55497,-47.83207,182.87103,78.49231,-47.794296,170.75464,76.77961,-47.010242,169.12234,77.89611,-47.22414,167.44812,78.866234,-47.318928,187.88794,87.68219,22.486471,165.65764,88.452705,25.81569,177.48831,86.178764,-34.80859,169.9587,85.79136,-35.301968,214.81964,130.66928,56.996765,136.2459,131.84163,56.642464,268.3893,159.01114,-9.015096,81.936295,153.54779,-36.491188,286.4157,105.63883,-156.0447,74.52608,96.218956,-194.69945,296.08627,91.9645,-184.19754,70.966385,82.25876,-229.1236,292.07477,88.61609,-191.31519,75.68996,80.06914,-227.52893,286.86386,93.314415,-162.51767,78.54582,85.269775,-200.2826,197.37549,251.26285,3.1372497,152.10646,250.1021,-3.395504,192.0512,361.38553,-22.935284,137.24649,358.9692,-45.472515,184.52162,456.62885,78.59646,128.82251,451.17975,51.433914,181.88936,465.9606,82.57992,132.40804,460.7178,57.130226,182.64978,489.66437,-33.404903,123.41082,483.811,-52.4214
045.png,198.00914,57.816807,-64.71479,201.88118,59.00365,-49.873173,204.69492,60.71318,-50.04199,207.607,62.193287,-50.023632,195.2334,57.814728,-49.76049,193.09404,58.7597,-49.965317,190.80264,59.688576,-50.055767,210.27538,70.21491,21.832256,186.03577,69.28227,22.400854,202.19368,69.00404,-37.554356,194.01598,66.91985,-38.845596,232.97064,115.396034,48.916298,154.08638,116.58376,53.97593,287.38882,141.74051,-19.124464,101.04647,141.56584,-51.346962,305.38736,87.06923,-152.16464,90.97288,86.08301,-213.21654,311.97556,72.79038,-178.84673,85.33696,71.23999,-247.18747,309.1411,69.01602,-183.33463,90.175964,68.87209,-246.043,305.22934,73.10412,-157.53506,93.94815,74.46911,-219.1077,210.37112,240.24979,-0.8456537,163.49666,236.95148,0.59329224,209.06532,348.08154,-23.871138,146.75883,344.95105,-28.404,204.80342,440.42282,87.70776,137.74213,431.8262,79.05847,200.53455,448.9872,92.76188,143.23799,442.35092,85.791824,202.39061,474.49283,-15.866712,126.682755,466.03003,-15.325828
046.png,197.5494,54.086304,-38.481342,201.37163,55.225067,-26.432741,203.82187,56.874187,-26.604761,206.25732,58.305546,-26.60653,194.9501,54.41037,-26.947704,192.65938,55.519012,-27.16321,190.30324,56.556488,-27.260962,207.35971,67.73955,32.718292,185.98918,66.05082,30.761484,201.11981,64.192215,-15.467326,192.97023,62.793034,-17.526329,230.95552,109.44361,52.897217,150.63933,113.001335,62.395912,285.22647,136.03673,13.429688,97.0576,135.99759,-18.729597,303.8758,81.000374,-87.62429,89.70426,81.799,-152.36755,309.87302,66.74761,-107.87642,84.144844,68.82639,-179.55913,306.73248,62.911743,-113.49764,88.6876,66.16315,-181.27094,302.2943,67.40609,-92.41507,92.15306,70.904335,-158.58742,205.67061,231.67104,-3.2381814,159.07593,229.80695,2.9770973,201.49147,342.47867,-21.298456,140.01443,337.881,-18.931173,192.91055,441.5269,45.399204,124.904976,431.3687,48.694717,190.1451,452.1339,46.428787,128.08815,443.2821,51.847088,188.9438,467.9569,-52.32414,110.96661,459.7505,-36.398453
047.png,219.10149,51.227203,-56.04074,222.279,52.312576,-42.24004,224.49414,53.92003,-42.42187,226.7068,55.3083,-42.415913,216.39879,51.637573,-43.505775,214.20607,52.876785,-43.728096,211.91171,54.02745,-43.83337,228.76538,65.33457,24.687614,207.90572,64.371086,19.506289,223.53885,61.637775,-30.131887,215.92451,60.108177,-33.249527,252.98311,107.38472,49.062466,172.20802,110.13013,53.026447,306.65067,132.5521,-4.2989883,118.98728,135.56259,-38.243736,322.81308,75.64212,-129.49165,109.17729,80.79767,-185.24638,330.6345,61.736656,-153.06581,103.24894,67.17464,-215.57542,327.3896,58.270138,-159.03175,108.03572,63.941242,-216.28722,322.1447,62.964912,-134.88382,111.50146,69.397446,-191.48526,229.56467,230.9631,-1.484974,183.11465,228.90198,1.2386189,227.8157,341.25574,-25.478512,169.95348,338.61243,-33.3115,221.85158,438.05734,73.75533,161.08745,429.77652,66.064255,218.35995,447.9599,77.74655,166.85722,441.77548,72.21004,218.0206,468.42755,-24.385832,145.66292,463.1289,-20.2382
048.png,184.81476,48.369427,-51.461285,191.33774,48.951958,-38.442463,194.50749,50.30319,-38.60519,197.40999,51.481243,-38.598904,183.84552,48.485233,-38.049103,181.55714,49.410152,-38.27939,179.31596,50.152573,-38.393593,200.22469,60.905384,23.639807,176.49333,59.0032,25.86016,189.36026,57.18807,-27.400135,180.17249,56.28141,-28.33385,222.2248,102.32512,48.115368,143.12434,106.43851,58.355396,279.31326,122.220146,6.612401,87.17665,126.56926,-18.26281,291.50217,64.83762,-99.50967,79.678055,70.58221,-149.76772,300.05658,49.627785,-120.967804,73.94437,57.056107,-178.01797,297.82892,46.334984,-127.19678,79.06777,55.182175,-178.67789,292.70233,50.63858,-104.67586,82.866684,59.90137,-155.59477,196.83966,223.71521,-5.138324,152.11116,223.57957,4.873952,197.5607,334.9545,-28.01109,137.21397,330.68652,-20.308779,194.3166,431.58444,48.56538,130.4348,421.10556,64.00647,191.04492,443.15878,50.318707,134.96057,434.01318,68.84693,192.70976,461.46667,-54.35985,114.71911,455.67752,-22.357622
049.png,192.63715,45.361485,-61.023243,196.96675,45.46515,-47.560745,199.68259,46.94892,-47.712147,202.43648,48.207123,-47.676846,191.03627,44.61417,-46.943676,189.18526,45.734642,-47.158184,187.09195,46.797,-47.262077,205.56479,55.192116,21.93335,182.99443,55.72675,24.711992,196.7036,57.099686,-33.857338,188.35458,55.98772,-34.596672,230.84341,97.00119,53.19332,150.02992,100.031815,63.427452,285.7358,123.553375,5.116541,98.79312,129.32405,-25.623804,300.97388,67.2056,-116.241684,85.19201,73.99699,-182.83298,307.1381,51.34252,-139.51752,79.36444,59.78701,-215.41281,304.08115,47.50549,-146.23647,83.63463,57.588505,-215.11574,299.7631,51.985813,-121.65911,87.09422,62.545612,-188.79977,206.59085,219.56543,-3.862847,161.30801,218.48578,3.6152487,207.88055,328.04376,-25.57517,145.24966,326.6958,-28.47789,205.50922,422.91394,77.24189,135.21907,414.20734,80.29766,204.642,432.354,81.40959,142.1165,425.836,87.47867,195.91393,453.7102,-34.45232,120.02616,448.3946,-15.25339
050.png,161.57323,58.277775,-66.99288,164.73056,58.333576,-55.717365,167.20084,59.455593,-55.876846,169.75946,60.31951,-55.877506,158.8654,58.190422,-57.326214,156.82744,59.46354,-57.552444,154.53197,60.64649,-57.670036,173.37564,67.3074,7.498488,150.74942,69.23008,0.6956695,165.95421,71.069534,-41.783737,157.91193,70.984406,-45.199852,199.19537,110.87165,38.81286,119.75245,111.39281,35.975555,253.18626,141.66849,-12.401992,63.422398,140.65366,-42.155727,268.27817,85.09341,-138.6417,53.2786,84.35604,-175.0044,277.03656,71.32017,-161.77162,46.508278,71.210815,-202.61858,273.55124,67.47269,-169.71875,50.613,67.51054,-203.41127,268.58597,72.52506,-144.99213,55.302643,72.58552,-180.53885,182.4363,235.75777,-0.4690745,135.79704,236.34567,0.24576738,185.10022,341.8048,-22.48839,122.495026,344.35205,-34.582634,182.62569,442.06403,54.70508,115.20939,435.56265,39.22109,179.75722,453.06488,56.90195,121.1904,445.90158,43.053658,183.60248,468.14752,-42.17938,105.92044,467.5802,-49.232872
051.png,414.73758,57.24769,375.60593,411.75818,51.908783,361.94974,409.55313,52.207375,361.80444,407.18127,52.46109,361.80267,418.57977,51.191597,360.98642,421.3261,51.063637,360.76053,424.19315,50.9078,360.76038,404.9959,56.81838,284.49124,426.75363,55.295353,277.7782,411.14618,64.53697,352.81427,418.96948,63.76401,349.31577,367.38104,98.30667,204.0491,457.11124,91.56975,221.98846,318.32184,131.57474,281.5834,497.88318,124.06063,269.95728,323.2345,68.55391,464.1371,503.4173,71.83367,386.76562,317.7376,55.806778,491.15884,509.09396,59.525078,398.52756,325.13852,53.972046,490.74518,502.7959,56.67649,410.8568,329.27258,58.00071,470.0337,498.56537,61.999504,392.73514,391.52695,224.4676,-7.808936,431.72946,219.7927,7.5810375,413.12924,330.09418,-5.147827,424.1538,325.678,-53.11598,415.58865,447.73764,-46.379726,420.56317,447.51038,-102.228836,419.73242,458.59323,-49.8746,422.64807,458.195,-106.37641,408.4694,488.66763,-67.995865,417.5138,485.66443,-135.49829
052.png,443.97113,75.18427,76.42509,443.55624,76.67573,84.55501,443.27243,78.03292,84.38689,442.61993,79.46368,84.424,444.70728,75.443756,91.630585,445.43985,75.84411,91.413086,446.07315,76.10936,91.39825,442.95917,88.30349,118.60711,448.31082,84.65585,150.76831,444.1036,84.341415,90.495865,445.9012,83.0123,97.9917,493.03656,125.375374,103.26937,404.78128,126.47455,188.55809,530.0305,170.28612,47.91974,358.68295,168.28207,162.48341,534.4841,109.721344,-54.54448,354.09003,108.85438,56.746098,537.48737,96.76464,-79.83347,347.6335,96.31403,34.871044,532.4773,92.02137,-81.8153,355.59766,93.51719,30.44467,528.9381,96.57566,-56.993526,360.91995,98.20868,49.39937,468.71066,259.61963,-16.624296,422.81808,259.8208,16.440954,454.3949,372.49725,-60.72282,432.08002,371.48737,-50.52616,453.5295,479.55435,-1.3988068,438.98853,478.47495,15.929093,451.8004,488.6535,-1.3324497,441.94986,487.41025,18.46519,454.49698,523.3955,-118.96416,443.35367,520.2232,-89.896675
053.png,412.06186,100.12024,253.89548,408.33847,94.97016,231.603,405.86423,95.34425,231.42853,403.17996,95.659454,231.38455,415.88992,94.32406,230.68898,419.07434,94.245224,230.43953,422.20734,94.18117,230.38007,399.9013,100.50868,141.92844,425.5234,97.75833,136.76218,408.19836,107.653755,229.35608,416.5039,107.33891,226.37529,366.07397,135.08093,90.70048,454.73776,131.57326,97.83055,317.07358,172.02995,180.47296,497.65683,165.34529,176.94984,320.32635,111.45407,375.1296,499.85107,112.00749,318.5288,315.11725,97.525795,402.73282,504.044,98.93157,335.40662,322.50394,95.39192,397.91656,496.78973,96.86614,337.0096,326.5817,100.72272,378.71445,494.16574,101.341705,321.2894,392.58896,276.49335,-4.307418,432.755,275.81207,4.1776385,396.06622,383.28394,1.5807055,427.647,382.76328,-39.959827,399.8855,487.72095,-56.11514,421.34457,488.07745,-103.41937,405.29202,495.67154,-61.13596,420.9582,494.4925,-108.170975,397.8801,529.87134,-62.465443,418.6222,528.6889,-118.86318
054.png,447.22604,93.89291,-12.648208,451.09805,92.517685,6.4121866,453.7287,93.43472,6.2513003,456.29797,94.1152,6.258354,443.29004,93.20517,7.954504,440.67648,94.702194,7.7371707,437.63077,96.115974,7.6760955,460.52866,102.52639,84.69636,432.92044,104.892715,91.99264,452.9704,103.45225,16.123148,442.49097,104.06034,16.45276,490.5433,151.57986,97.031425,405.7882,154.2303,121.2925,537.618,184.68776,7.4950824,354.82022,187.68993,40.033485,535.491,125.19403,-147.88908,356.06924,126.64577,-103.41007,537.2118,111.08716,-180.17055,352.00345,111.862946,-135.04889,531.9442,107.923485,-179.56847,359.84412,109.45463,-133.54907,529.4115,113.52286,-151.20625,363.7743,114.33601,-108.9935,473.39462,283.02997,-3.2643893,426.17307,283.09854,3.0515552,465.05402,388.1038,-68.358955,434.1462,388.78012,-76.08551,459.67596,499.3671,-11.989229,435.17142,502.3451,-30.313288,457.0785,511.80203,-13.197947,439.21164,514.6414,-31.01976,458.68692,542.15466,-147.26361,439.27158,542.72705,-162.99498
055.png,409.27722,94.67858,-54.428833,408.6304,89.56652,-49.519245,408.2205,89.84837,-49.69791,407.55795,90.13591,-49.664043,410.9943,89.335556,-42.855957,412.5505,89.380226,-43.08738,414.19113,89.19231,-43.131985,410.04303,96.630486,-14.205691,416.33453,94.20463,15.590491,409.02728,104.288795,-38.401974,412.4999,103.629486,-31.53715,463.49136,141.04181,-9.559342,369.7705,139.51321,61.406887,516.079,163.11952,-68.37055,312.47836,160.35986,7.9319706,505.60413,100.51454,-140.72566,325.10745,97.407715,-92.86985,510.266,85.46898,-162.64673,318.58606,83.52322,-115.96934,502.97745,83.10652,-159.96967,327.86368,81.24831,-112.05434,498.9136,89.38235,-140.86552,332.626,85.6247,-96.67999,431.35297,284.20413,-15.083658,392.94467,284.46063,14.927188,419.8134,391.61026,-24.162306,399.38223,392.13348,-16.243507,419.36157,492.5708,67.2429,402.92273,493.19626,83.083916,418.20453,502.2306,70.19093,406.01578,501.88513,88.891685,416.4653,534.9943,-47.097057,403.11374,534.25275,-18.325806
056.png,413.02295,111.12679,296.80923,409.45834,106.98478,275.26062,407.1172,107.47111,275.10364,404.62283,107.980484,275.0687,416.3822,106.049644,276.27588,419.4026,105.87468,276.03677,422.68768,105.76794,276.00064,401.5971,113.39141,183.43658,427.42636,109.89573,187.03032,409.80377,118.58838,271.02444,417.91312,118.80503,270.59326,370.01242,147.03787,126.72221,459.49973,146.12302,141.46947,321.96112,185.72682,213.91383,501.53452,180.32076,211.35977,324.76053,123.68475,410.46762,502.76913,124.84516,335.3387,319.9015,111.2173,437.50937,508.0649,112.37546,348.01382,326.71652,109.69836,434.01624,500.4444,111.18944,352.06116,331.25638,113.93451,414.8227,496.93338,115.87637,338.1932,391.2799,289.82788,-2.517047,434.7156,290.83542,2.3855693,397.5896,396.25244,6.850112,427.3912,396.26038,-37.81955,400.13623,505.51996,-30.381525,423.7462,501.44525,-83.95025,405.2354,519.19836,-33.565727,422.6527,514.58264,-87.49672,404.13422,542.8089,-38.481625,420.45273,538.4645,-103.38123
057.png,481.0985,104.08438,-1.5266612,479.67285,104.15711,-0.15081853,479.1459,104.928925,-0.31230608,478.44534,105.67363,-0.29486462,482.51132,102.89295,3.129474,483.94388,102.90775,2.9170468,485.4933,102.94538,2.89234,476.16592,114.09067,15.97789,487.39658,110.46845,30.72913,480.62213,113.4924,7.819989,483.30676,111.85614,10.385586,524.62683,157.37488,19.734577,439.4249,153.55588,61.05583,568.74506,193.07599,-21.683756,391.27792,188.73563,-1.6702961,568.1272,135.39087,-114.927574,391.35294,128.80853,-108.93516,571.72754,120.283356,-136.97302,387.75464,115.65356,-135.15836,566.5624,117.822716,-139.15532,396.24213,112.82745,-131.76387,563.59406,121.97281,-117.06024,398.68732,117.23387,-112.99557,488.53073,288.08908,-7.0563464,464.30136,288.61136,6.8547044,484.2002,396.2884,-13.787613,468.2063,395.1782,-44.92998,482.61206,504.97736,21.445889,471.63293,506.26355,-4.944661,480.82538,516.79395,19.07916,473.891,517.7912,-4.9558525,482.06918,541.30035,-83.24605,472.98343,541.80756,-97.75995
058.png,474.52097,119.990654,226.93721,472.1531,115.52067,202.72461,470.6974,115.764145,202.54816,468.95728,116.013954,202.5431,477.36,115.03537,203.06172,479.87027,115.073006,202.82802,482.48163,115.20239,202.7959,464.5753,121.905174,108.96646,483.58047,119.021515,109.00327,472.22968,127.98829,200.87975,477.2141,127.437744,199.27698,427.6569,159.53186,54.599297,517.74536,158.1227,78.29082,376.9622,189.79337,125.346016,558.0324,184.58395,129.77786,385.5213,130.46667,276.38892,558.9677,135.14029,224.17912,379.83658,115.929955,294.6219,564.6518,121.854935,230.37843,386.732,115.01122,291.2467,558.5993,120.10663,233.13028,391.9033,120.8696,279.9677,555.1967,125.05069,225.59741,457.4238,294.43472,-5.1868467,484.98413,295.0371,5.056303,466.8848,402.23904,33.83842,462.9918,401.93973,-20.813559,466.04504,509.2495,50.206726,462.35223,509.35745,-22.180906,463.72867,521.7701,51.59894,462.3912,522.2023,-21.817842,467.3127,538.5428,44.000446,468.79163,538.7959,-40.822254
059.png,459.88568,114.450356,-23.195757,459.3249,109.326294,-20.430859,459.0494,109.604454,-20.602577,458.61765,109.98542,-20.591963,460.4806,108.85594,-14.353833,460.85214,108.80145,-14.560746,461.14386,108.670364,-14.585229,457.52527,117.07108,8.651202,461.26465,112.730515,35.849716,459.83054,123.3519,-8.955263,460.51477,123.57009,-2.7817817,507.3459,154.58578,9.605959,416.8021,153.36795,85.478905,550.4323,189.86346,-58.46651,367.90692,189.22052,40.57803,548.22455,129.07022,-170.14638,370.12793,126.682495,-72.03538,550.86536,115.57634,-198.1639,363.85126,113.31976,-95.512146,545.2606,112.7484,-197.23016,371.85245,110.67576,-98.12246,542.54407,117.908844,-171.93694,377.17026,115.27852,-78.71223,478.24237,289.96997,-12.412471,439.58258,290.21667,12.239394,469.84506,397.8785,-34.659527,446.70566,398.87982,-34.747215,467.54593,504.425,33.2445,453.37854,505.57095,26.542751,464.9564,515.4221,34.389656,455.93994,516.8114,28.497477,470.82523,540.4424,-71.6,461.47665,541.97577,-73.48924
060.png,478.9757,120.72597,-57.30094,480.78925,115.71394,-43.660553,482.66675,116.15738,-43.843567,484.23636,116.76081,-43.835266,476.44772,115.114334,-40.871445,474.66293,115.19649,-41.10596,472.76746,115.33597,-41.19842,485.15457,121.14295,30.740986,471.49252,119.508514,43.635197,482.8534,129.4103,-27.577051,476.0665,130.06355,-25.64695,523.73956,162.04759,58.347248,437.90997,161.9527,92.176094,568.5309,197.08273,-20.678131,387.3711,196.79364,4.465055,564.8672,136.88347,-182.75438,389.77216,134.61871,-172.11049,567.8743,123.19917,-217.66444,383.7801,122.11293,-209.52695,561.7194,120.75164,-220.52066,390.48447,118.84722,-210.31374,558.91003,125.399345,-187.20845,394.63388,123.62364,-179.36119,501.3094,296.4262,-5.5124407,457.39148,296.00168,5.3178043,494.95044,402.95477,-51.522816,461.64725,403.17087,-50.83883,489.86768,511.9243,18.286894,467.38602,510.65707,18.697836,485.7136,521.69055,18.153425,471.1362,519.8525,20.246786,492.69952,548.3454,-115.51773,475.43738,552.4789,-107.25018
