001.png,225.45898,139.93214,85.0361,221.22766,133.0538,72.73737,218.54013,132.70491,72.555504,216.00168,132.4714,72.56375,228.42984,133.87201,64.17439,230.75903,134.07362,63.957695,233.00041,134.26294,63.91174,210.58871,136.44804,36.27597,233.87697,137.74414,-4.2943583,221.03467,145.59674,78.51652,228.78857,146.27234,65.337555,186.99884,173.66307,37.94686,252.05734,166.10007,-49.61701,167.00125,137.8625,73.740715,277.59036,122.3638,-132.48172,164.36006,96.47385,111.53572,287.11786,71.60478,-182.09433,159.55167,90.31636,115.779915,292.21597,61.116615,-205.78268,166.57805,89.44449,106.08909,286.5833,60.364,-195.35005,169.03252,91.40696,109.15417,283.92267,64.029015,-181.51282,210.22842,282.72537,30.938139,244.99966,280.54776,-31.161228,207.84799,372.99185,46.84603,249.26422,371.73843,-60.893646,204.03777,464.75098,-31.50568,248.95242,466.39206,-119.948044,207.4736,475.51767,-42.376156,241.7676,473.8837,-126.0495,215.01639,495.0036,-83.486084,241.71918,500.0079,-162.11295
002.png,236.67549,133.78178,100.733536,232.59566,128.27429,87.79468,230.22942,128.11432,87.60607,228.10724,128.06158,87.61316,239.96165,128.78593,80.06861,242.46986,128.941,79.84405,244.87523,129.1718,79.79525,223.45299,132.69806,46.96105,246.13301,133.99974,10.654318,232.35928,139.66098,92.47205,239.87389,140.00221,80.48416,199.9979,169.91295,47.294792,266.09912,161.64508,-36.31433,178.75537,135.30702,91.39209,295.14847,121.137405,-85.987305,178.03714,97.19968,132.35,302.1919,73.55715,-95.3988,174.47508,91.64874,139.90108,307.83496,62.2882,-112.07741,182.41849,91.295006,127.70078,300.72397,61.934227,-102.814804,184.73073,93.426895,129.4733,297.82678,65.88141,-94.228165,222.98601,277.88486,30.664062,258.38245,276.9649,-30.914322,220.38013,366.2653,43.99414,261.27258,367.25565,-75.346825,215.15459,459.5272,-35.500515,259.06433,461.72552,-147.18166,218.80972,468.96533,-46.014675,250.50468,470.09402,-154.09697,225.16637,491.67053,-82.37069,255.19983,500.56122,-187.90742
003.png,229.85431,139.25163,94.6591,225.68239,132.87967,80.38619,223.10884,132.51263,80.195404,220.80388,132.23228,80.20281,232.84622,133.68816,73.075356,235.14482,133.81702,72.85028,237.42992,133.89206,72.80515,215.88617,136.28683,36.095367,238.4496,137.77982,1.655377,225.8856,144.62671,85.56591,232.93633,145.3623,74.09013,191.2402,172.79085,35.936535,258.92523,165.73158,-42.036514,174.90208,138.5136,82.00552,284.0213,124.84458,-87.98579,170.60806,98.8784,128.63058,294.59344,76.30537,-93.62807,165.6335,92.83749,136.05612,300.4939,65.045364,-108.906204,172.77385,91.96143,125.150345,295.01917,63.533047,-100.98851,175.75797,94.07112,126.35931,291.62097,67.47366,-92.82455,214.22884,282.6983,28.736723,250.5298,282.0038,-28.984186,211.08401,372.9287,47.936863,257.65384,373.80722,-67.672745,206.66144,464.06558,-35.107643,257.66718,469.12088,-138.998,209.38647,475.04898,-46.133556,249.33284,478.1885,-145.99522,216.32306,494.46625,-83.75385,254.37898,505.0957,-180.65091
004.png,229.24065,135.9151,115.34968,224.72847,130.47246,103.189125,222.23125,130.3798,103.01655,219.78503,130.34032,103.01463,232.33409,130.8408,95.007416,235.04517,130.9779,94.784,237.71826,131.13278,94.748474,214.84554,135.45364,61.666714,240.06854,136.17418,22.803509,225.8566,142.05405,106.557945,233.14392,142.1113,93.89484,193.19191,170.21944,60.269417,260.20422,166.0168,-31.174862,175.12273,133.96857,106.11008,284.58133,120.89395,-90.979004,171.14377,95.76208,146.9059,297.0144,71.157936,-106.89119,166.79637,90.19443,153.93298,303.10352,61.088306,-125.53675,174.08827,89.34144,142.28653,297.31833,60.389183,-116.196915,176.10075,91.27473,144.04239,294.16287,63.524673,-105.81384,213.55754,281.58435,33.791874,250.33798,280.3854,-34.02605,213.72894,372.75436,42.738087,254.5561,371.82718,-75.55652,208.564,463.4624,-39.376694,251.30653,466.68314,-141.59805,213.0891,474.60257,-50.45013,241.90776,474.29248,-148.31284,219.99826,493.9343,-88.60869,246.88799,503.03513,-183.42485
005.png,231.14845,142.15982,88.01086,227.14505,136.19406,74.44755,224.79337,135.98755,74.25911,222.41193,135.88017,74.28176,234.11487,136.93567,67.56493,236.68665,137.18987,67.334915,239.3825,137.39159,67.29519,217.76427,140.04373,33.44987,242.24385,141.69997,-0.056652352,227.68604,147.96518,80.15531,234.91824,148.53578,68.99206,196.60463,175.98944,36.80987,261.32806,170.77098,-44.10739,180.886,137.9782,81.75919,280.45108,123.76609,-126.131935,172.11179,96.186676,118.87135,293.85333,74.86403,-177.40941,167.53215,90.34849,123.49611,300.90555,64.25297,-202.25475,174.0928,89.04111,112.89457,295.48297,62.382908,-191.54393,176.84862,91.266945,116.47829,291.38635,65.670876,-176.78365,214.81383,289.01413,31.27549,251.74355,286.9775,-31.485003,214.52766,379.1663,67.036934,256.47183,377.84448,-53.115383,212.1753,470.44525,12.78915,252.75764,472.63223,-94.955444,216.67894,482.377,4.226706,245.22275,482.12265,-99.52894,221.25247,492.54288,-35.44224,248.02917,500.40167,-136.24535
006.png,205.2848,190.26176,56.4519,201.03241,188.02092,44.519207,198.71986,188.73616,44.36119,196.37231,189.5171,44.386574,207.83897,186.97151,35.53006,210.33601,186.95403,35.280453,212.7803,186.93608,35.22217,192.89836,195.60823,14.211472,217.18642,190.27486,-28.200209,203.88243,197.06464,52.523506,211.20723,195.83919,38.8349,178.67859,217.96547,39.818947,238.68416,209.44774,-65.46523,159.97008,175.94989,97.33222,254.78612,160.26678,-90.2602,153.112,142.08902,131.8693,260.4583,120.76203,-71.0998,147.06277,134.77965,142.32552,267.10645,110.03735,-87.701904,154.51863,134.8611,125.67253,261.48804,111.343124,-74.98786,157.52196,136.6965,127.31303,258.6356,116.19082,-67.654945,198.78783,328.25037,39.962433,232.76056,328.04745,-40.149334,208.3732,404.41608,72.132034,235.5317,407.916,-41.51115,211.01332,484.61444,32.915024,235.66293,490.0207,-84.502556,210.33813,496.36603,26.999146,227.59506,498.3906,-88.690094,224.32568,507.2095,6.46359,242.84886,518.934,-112.45218
007.png,202.85721,183.99583,59.789646,198.2971,181.56725,42.718536,195.88498,182.47813,42.53144,193.3282,183.45006,42.55226,206.17406,180.43996,39.992252,209.2701,180.56297,39.737423,212.41289,180.58133,39.6784,189.37773,189.95963,-9.771391,217.69333,183.88322,-23.52327,200.97827,190.83096,47.845768,209.81555,190.1243,42.41488,176.75745,213.5439,-9.638409,240.81157,204.34538,-48.97096,154.51675,172.91379,37.986725,253.30565,151.56236,-70.698166,146.99591,137.67957,77.16861,248.91313,114.24077,-48.772827,141.26309,130.98886,82.76917,256.4229,102.15054,-57.529816,150.03154,130.20546,71.69142,252.67847,103.66112,-52.99515,152.88515,132.17126,74.80481,249.66356,109.43359,-48.288383,197.89844,324.20737,15.409665,233.4027,323.11334,-15.669631,206.35861,403.29718,61.20631,238.49113,401.04907,-18.141983,208.29535,483.3382,19.272503,235.40475,482.41843,-64.386925,211.66919,490.0375,12.676189,229.38748,490.82864,-69.187004,217.48817,509.2667,-9.668898,238.0869,513.67566,-91.897514
008.png,202.61948,183.19505,40.488895,197.73555,181.28735,25.013243,195.33487,182.24751,24.849154,192.64569,183.25833,24.866014,204.81804,179.90991,21.29517,207.35797,179.80649,21.058084,210.20863,179.62756,21.0045,189.27608,191.23384,-21.16366,214.82707,184.32295,-39.07814,200.95805,189.91762,30.428457,208.24763,188.32565,23.886427,174.59508,215.73364,-11.454123,241.42355,207.4189,-65.3152,153.1343,170.07668,36.743904,257.64465,160.40889,-59.43557,148.88332,137.82654,73.70689,257.126,119.23042,-15.369083,143.08194,130.24367,79.66125,264.58646,108.022095,-22.089613,152.93408,131.221,68.72792,259.03293,108.48329,-20.091228,155.94582,134.00552,71.138084,255.34277,112.881004,-15.121366,198.09328,326.6504,19.33157,234.30394,325.26794,-19.575888,205.50359,402.61584,72.95557,236.52644,402.91956,0.2937756,204.9838,482.58167,37.92618,234.36665,483.19913,-31.764116,208.30528,491.27502,32.36392,226.6734,491.57645,-34.84422,211.98373,510.9468,14.296671,235.89435,513.33405,-53.320354
009.png,212.58073,191.36789,31.729872,207.84404,188.59306,13.818696,205.11575,189.17436,13.627965,202.21445,189.74387,13.659937,215.87198,188.2357,12.126893,218.99756,188.49805,11.871401,221.90721,188.72728,11.804974,198.15506,196.03413,-37.974586,226.6062,193.15192,-47.001827,210.443,197.97981,20.623913,219.68384,197.84981,16.542336,184.02794,218.96315,-31.797745,250.33603,212.69843,-65.63855,162.83723,167.91888,7.906126,264.18768,160.60295,-87.7606,159.36879,137.44879,33.646477,264.02692,117.440094,-73.51377,153.05339,130.90906,36.478386,271.58728,106.847244,-84.79285,162.76266,132.6648,25.329618,266.81744,107.49066,-80.36763,166.86421,134.44373,30.942787,262.9471,112.10416,-73.155365,208.09,330.98767,13.579612,243.2475,329.3663,-13.8256035,216.19482,406.6101,77.86019,248.59683,405.08444,4.450796,214.53575,487.7571,56.633804,249.05449,486.4789,-20.998455,218.63148,496.42258,51.71145,242.0156,496.21756,-24.052116,219.21053,509.66132,22.680025,249.89124,514.3253,-52.157578
010.png,210.4145,191.23112,35.10499,205.7121,188.53589,21.615252,203.36845,189.13333,21.421223,200.95747,189.63234,21.458967,212.97173,187.85075,15.727444,215.65938,188.01132,15.46495,218.19214,188.19218,15.403466,197.54385,195.6923,-14.711078,222.28958,193.6708,-42.950695,208.04657,197.8743,29.396534,216.57253,197.56027,19.696934,181.25414,219.23482,1.2238727,242.98105,214.31407,-58.607468,163.53479,169.76587,58.842472,256.0404,165.15701,-83.19317,155.99797,138.39622,82.19016,260.96982,122.13039,-68.293526,149.37862,130.84238,89.47428,268.26364,110.36127,-82.93287,156.30588,132.69193,73.600586,263.56143,110.14303,-70.617935,161.17793,134.5253,78.173325,259.61603,114.31305,-64.79332,205.75185,334.8073,23.05663,239.23975,332.09586,-23.274998,219.39679,409.3707,76.890945,246.84335,407.51385,-7.893234,226.08786,488.49326,48.947258,249.53018,484.83716,-32.756325,226.74467,495.8424,43.6294,243.80582,493.15195,-35.41854,234.88141,509.99136,15.135461,251.21083,510.526,-59.03509
011.png,146.1439,334.88373,-472.24472,150.12422,324.9368,-465.96338,153.50235,324.62363,-466.11105,156.61575,324.4179,-466.16452,141.55779,325.16376,-469.9777,138.27724,324.65607,-470.1541,134.41254,324.05252,-470.39175,161.69672,324.1769,-376.6006,125.28569,324.38602,-392.31146,151.88672,341.01868,-432.66702,140.19833,341.89075,-438.1312,176.88345,344.00644,-238.57936,112.47748,345.5276,-270.34265,179.24687,321.22623,-100.35819,89.03041,321.05615,-203.34438,178.86642,306.82642,52.7878,77.16342,277.47577,-99.76423,177.69987,303.41953,79.47193,74.48454,265.82574,-89.05774,177.81659,305.35156,68.64827,78.34336,267.3603,-88.22268,176.78258,306.57706,53.386566,80.42671,269.2028,-96.74948,165.06483,397.94785,6.2683125,130.56131,405.23715,-6.251374,175.32571,431.84467,-42.01783,135.95491,440.95212,-37.777206,173.23372,489.4075,18.388523,136.38052,525.7841,72.04977,170.5108,498.00665,19.883253,138.30025,537.4069,79.233826,175.18369,506.5193,-59.55668,133.33788,550.52893,4.8387966
012.png,152.81001,318.8097,-174.18265,157.75052,309.96915,-165.7736,161.06961,310.0972,-165.95395,164.26785,310.29623,-165.9618,148.15663,309.2158,-166.81766,144.6277,309.12042,-167.10396,141.33072,309.18082,-167.25005,168.38553,313.22537,-100.63972,136.56323,311.99362,-105.223335,158.53412,326.96173,-145.73114,147.11644,326.4983,-148.5952,186.9846,346.3148,-66.24023,115.12068,342.70193,-75.99698,213.4042,294.07013,-110.46602,92.11364,293.39572,-126.471924,221.03993,233.02856,-195.16508,83.06033,230.19717,-195.81734,227.24876,219.93024,-216.4104,78.96821,214.77815,-222.71756,224.56306,218.11844,-225.67856,84.489655,213.19197,-225.58015,220.62827,221.64404,-202.1596,87.68951,218.14749,-202.19217,172.32355,463.00977,8.932779,125.799866,464.69876,-9.074769,175.48616,549.4754,-47.864063,124.749275,542.3246,-106.15116,173.20595,648.7897,-2.2905855,120.35616,637.27545,-48.479877,174.78561,659.3108,-1.688271,119.932076,649.56384,-44.922924,161.43024,672.11993,-65.34716,127.92635,661.25836,-105.53895
014.png,152.38031,319.24112,-238.56526,157.48007,310.4128,-230.2652,160.97275,310.29193,-230.46408,164.18681,310.26242,-230.47884,147.32419,310.63016,-229.9286,144.07515,310.60794,-230.22574,140.82185,310.64862,-230.39441,168.49176,313.09708,-160.11832,137.09073,312.92093,-157.88435,159.3446,326.7485,-208.1303,147.3044,326.78992,-208.95905,190.73856,346.45074,-119.27498,118.7759,345.15292,-118.962296,213.49084,293.23642,-167.45671,95.898445,294.14005,-175.92686,221.26314,231.44069,-249.52032,83.980225,229.22806,-255.61395,227.11783,218.52686,-272.39557,80.10498,213.46808,-285.89334,224.03404,216.64662,-283.31775,86.12922,212.00005,-289.30823,220.19902,220.14284,-257.16977,88.99888,216.38377,-262.67715,175.27747,465.82556,-0.103043586,126.94759,468.62146,-0.0811835,180.0197,547.83093,-82.42403,127.39214,546.4606,-99.795944,172.76144,661.50586,-91.63942,122.83097,650.01447,-62.26058,175.44785,673.88135,-97.669655,124.50464,664.2977,-61.260384,155.22112,687.7728,-179.06279,125.19457,674.2389,-127.70329
015.png,153.21115,331.63882,-222.84245,157.11217,322.4189,-216.58333,160.55994,322.5279,-216.77481,163.96362,322.67755,-216.78902,146.97768,321.98633,-218.1885,142.7938,322.1827,-218.4827,138.879,322.5215,-218.63097,166.71017,324.9398,-149.87848,132.76677,323.46167,-157.40002,158.80682,338.5031,-192.75093,146.6614,339.79132,-196.38387,185.91438,351.3941,-108.464745,112.75009,348.5895,-124.13297,212.94952,291.41058,-154.88086,93.438286,300.13364,-192.77309,217.89728,228.66281,-222.08228,76.822784,233.89603,-264.21445,222.0649,216.24406,-239.5907,72.85055,217.39328,-291.50363,216.578,214.7321,-248.80438,79.32112,216.24728,-291.5561,212.55951,217.71333,-228.62431,81.233925,220.39883,-269.6841,174.09985,473.02725,5.4812355,126.25457,472.23947,-5.6414447,179.10518,550.8973,-78.457825,126.28288,544.5972,-116.93778,176.2774,664.5548,-100.594376,128.21469,650.36584,-79.113655,178.78606,676.1353,-107.261284,129.7753,663.02106,-77.53817,162.61006,694.72656,-180.97032,136.52942,678.03455,-137.30145
016.png,139.56624,223.86897,-87.46566,141.30713,219.71245,-75.94571,143.21529,219.83461,-76.09907,144.87105,220.01077,-76.05584,135.53073,219.99266,-84.82544,133.41725,220.26564,-85.023,131.41046,220.62106,-85.13022,143.74312,223.68752,-19.34566,125.470505,223.86345,-59.892105,142.69046,229.57106,-64.58861,135.79213,229.61374,-77.511986,156.66801,245.87605,21.132965,114.16365,247.28615,-69.68094,176.52643,213.73848,20.622896,103.33732,206.10498,-129.85403,193.01355,174.23605,-39.32346,101.81832,163.00354,-172.69554,197.32454,167.81133,-50.024807,100.49731,155.64722,-196.35324,194.5019,165.10004,-63.515827,105.90925,155.68736,-194.30258,192.66638,167.96753,-47.243,107.677734,158.21158,-175.56453,161.9997,334.27307,33.343235,131.72836,337.97122,-33.477913,174.68687,391.92923,84.13757,135.80684,401.21356,-35.350136,187.54318,445.8269,171.80484,134.04662,458.6314,32.82207,183.98691,454.83054,176.77502,132.22745,464.43677,37.326122,199.93938,467.3084,116.75707,144.9949,488.52982,-31.505611
017.png,143.86867,221.26775,-6.6126475,144.68509,219.98596,6.536633,146.31938,220.14658,6.424206,148.03482,220.49135,6.4400377,140.17197,220.85657,1.4207704,138.56755,221.55714,1.2361541,136.48143,222.36055,1.1436342,149.42499,226.30515,59.765133,132.9526,228.07477,36.652225,147.45856,226.45758,13.612786,141.71973,227.49547,5.76795,171.33183,249.45631,76.76889,123.63083,253.4823,26.142096,188.88795,217.27692,64.39015,109.37181,210.494,-24.891533,193.49962,177.01823,9.223105,106.46509,166.77017,-78.22559,199.3096,168.99847,-3.9728158,103.15085,163.09804,-100.91616,194.84343,167.56374,-13.157636,106.95237,162.43718,-101.16886,191.93411,170.99298,2.9352036,109.25297,163.205,-82.46768,166.4636,342.47992,19.77571,135.05562,340.70462,-19.89963,160.3835,410.2187,19.691084,130.08234,411.97717,-44.8307,154.97447,463.42917,126.949196,125.99613,473.17136,34.964535,149.86292,467.58377,134.76015,128.40952,476.349,41.11651,160.19414,493.13342,72.11257,128.71375,504.09818,-28.788448
018.png,153.83754,220.60301,-10.93118,153.65442,219.54817,0.84988093,155.22781,219.73354,0.7268439,156.83717,219.98465,0.7508641,149.88477,220.92134,-4.1752152,148.01236,222.00027,-4.362123,145.77013,223.18553,-4.4508266,158.51384,225.17255,50.803967,142.28137,228.56416,28.76161,157.57867,225.10881,8.627337,152.35709,226.38719,1.0476537,181.42227,247.08998,67.96606,136.09529,252.48993,22.963753,195.76491,211.9653,59.296246,121.4769,206.6722,-21.184916,198.42725,171.09917,9.019482,112.96018,161.99898,-72.79287,202.2072,164.92862,-3.7067196,110.35496,157.50027,-94.36149,197.45866,163.54468,-13.103261,113.93679,155.92847,-96.81139,195.39857,166.27112,2.8884518,116.11285,157.12872,-77.93283,174.27043,343.58768,19.039417,142.22725,341.70242,-19.146086,168.33672,411.94525,30.095171,138.69434,414.51715,-30.694658,161.5067,464.32654,134.54832,134.52563,474.66385,36.381435,156.42647,469.9255,141.75465,136.35709,479.60413,40.860237,166.53519,493.9605,79.62053,138.44363,505.84717,-32.102802
019.png,155.66428,233.26144,-69.66248,156.80354,227.6146,-57.305176,158.34647,227.5296,-57.447075,159.86697,227.5795,-57.41598,151.57076,227.55385,-64.235306,149.18831,227.61383,-64.433914,146.71585,227.8529,-64.53106,157.20287,230.84409,4.286252,139.65924,230.35847,-27.275824,157.69086,237.76552,-44.784164,151.15518,238.20323,-55.10921,173.0941,247.91684,40.91292,126.938,252.91649,-24.163567,187.35457,215.6122,43.22432,113.19304,208.7406,-74.31724,193.33173,175.78534,-8.906581,104.86036,164.20602,-123.1258,198.78104,169.04138,-20.577774,100.83911,159.23267,-145.10039,193.99411,167.03128,-32.216293,104.357,158.11334,-147.18115,191.29857,169.67282,-15.97388,106.82399,159.84889,-127.81204,166.19757,345.90985,25.369835,133.8503,344.6408,-25.504967,161.69708,413.48456,47.22656,130.6839,415.41403,-44.535156,158.91768,465.86966,147.8088,128.49332,477.24008,22.523191,153.84447,471.22012,154.40569,129.70789,482.2601,26.763308,164.97696,495.22723,94.49332,135.50911,508.36877,-45.338924
020.png,139.42075,227.41342,5.7471504,142.07527,225.93764,17.20409,143.94452,226.21262,17.10027,146.12653,226.61728,17.11955,138.00484,226.98996,13.92861,136.86263,227.85313,13.738981,135.5032,228.74026,13.650419,151.4913,231.8413,68.22394,135.23538,233.08324,53.190292,143.42497,231.21588,25.960741,138.15625,232.78548,20.458794,171.9273,251.32193,91.871544,126.7089,256.64444,45.00873,183.59203,214.65538,90.601555,114.84581,211.70319,3.3857584,190.79224,173.6868,46.9534,106.089195,167.74564,-42.365482,196.05212,168.69043,35.808544,103.882225,164.62828,-63.191113,192.1249,167.11609,26.369202,106.89044,164.46474,-63.357536,189.27097,169.1204,40.966244,108.508095,164.78586,-46.330147,166.19716,348.18555,20.079412,134.06288,347.5225,-20.220963,163.38118,421.06644,8.22541,129.98494,424.12756,-44.855995,157.37714,477.83536,118.12778,128.61745,486.62485,33.199406,151.77599,482.7356,126.503426,130.00455,490.70203,39.22454,164.04222,506.68262,65.29145,134.12566,516.04675,-31.348692
021.png,148.9033,234.16078,-43.406437,149.37784,230.9464,-37.80044,149.12946,231.01006,-37.94966,148.87355,231.09154,-37.942314,149.82828,230.65985,-39.05482,149.78711,230.5875,-39.263607,149.78474,230.482,-39.379543,148.34676,233.7644,-2.279575,148.68336,232.94293,-8.035196,148.63406,238.74316,-27.816685,148.04814,238.74852,-30.673447,172.63844,248.52423,11.474259,124.51232,250.90596,-4.9259033,187.60002,215.83675,-14.826112,111.12732,208.88127,-43.0002,193.91182,174.98254,-68.802025,104.138954,163.42825,-92.01849,200.29675,169.30063,-83.393196,99.96337,159.55074,-110.98477,196.16466,166.81029,-91.91313,104.541245,159.24142,-115.450134,192.59654,168.27283,-74.69786,108.064186,160.1838,-97.863495,165.29533,348.6198,11.129916,130.66846,347.53995,-11.270163,156.92119,412.5366,32.83997,130.5531,414.60526,-16.300756,154.11221,472.1139,104.71252,126.49163,475.3438,59.85187,147.92801,478.7638,108.0892,128.22116,481.25034,65.17245,157.49852,500.52756,36.286892,134.62675,506.32767,-4.948211
022.png,160.71844,231.1294,-73.882126,162.36115,225.73521,-62.832726,163.9133,225.63649,-62.982414,165.6124,225.66179,-62.95293,157.27429,225.83893,-68.41508,155.15103,225.8409,-68.62276,152.743,225.88678,-68.725,165.27754,228.65773,-5.6665173,147.38301,228.11768,-31.02187,162.96918,234.9562,-50.445435,156.67015,235.93336,-58.991573,178.76965,246.94838,27.561705,134.62915,249.67168,-27.389055,192.14719,212.50522,22.508469,119.7792,205.05385,-73.82652,197.52336,170.07024,-27.544605,111.49574,157.81366,-118.8097,201.98193,162.90598,-40.237625,109.20475,153.08873,-139.89436,197.87122,161.39091,-50.801105,114.02316,151.82861,-142.33766,194.96884,164.28438,-34.157185,115.50916,153.62325,-123.6076,172.78065,344.5845,23.06835,141.27455,344.36176,-23.201815,169.33955,411.55173,49.428066,138.42215,412.37982,-34.10936,167.67648,470.01056,130.22801,136.56961,476.2579,31.648216,162.02663,475.8542,134.2966,137.43434,482.75903,35.54481,174.6673,497.86823,67.70806,143.34116,506.4635,-38.17817
023.png,159.5081,241.08429,85.07845,157.18579,233.87646,66.227486,155.0217,233.44481,66.02523,152.72835,233.11772,66.07844,163.4882,234.842,66.06905,165.64459,235.01146,65.8064,167.94955,235.12848,65.711975,149.80505,235.85823,7.592696,170.72392,237.48695,6.1066194,156.3189,246.66637,72.79373,163.02187,246.69324,70.50673,129.43076,263.0355,-20.832413,194.00531,261.11435,-13.500032,93.318855,210.51776,-53.266605,219.3343,207.85478,-80.54895,61.06709,156.13191,-96.25625,242.8071,153.07004,-132.92477,50.175014,145.32402,-115.113625,253.21404,142.41605,-160.59367,57.098732,141.54344,-117.54037,248.0465,139.57239,-151.79475,63.000805,145.33675,-97.48416,242.88585,143.26932,-133.07295,149.48213,398.82535,-3.6862035,183.2033,396.27515,3.4336197,156.47527,498.89154,41.23108,196.46445,498.87125,18.557636,164.94,576.9144,52.555023,198.8288,580.9632,30.530355,175.27762,616.12317,50.10019,197.46188,615.8893,29.826097,144.79121,598.1661,1.8412722,203.73743,594.6089,-16.622946
024.png,175.10156,227.01802,91.46128,173.2323,221.61223,72.55837,170.99907,221.56818,72.35854,168.67197,221.56654,72.403625,179.67453,222.63107,69.00052,182.07635,223.2446,68.74741,184.80632,223.86296,68.67848,164.02617,226.9715,12.6582575,188.21109,228.97307,-4.232959,170.68317,233.2765,79.1118,177.80336,234.11041,72.319336,135.57526,255.71033,-9.062754,207.30359,257.08914,-33.18882,104.92521,210.16966,-26.828537,232.27599,205.9463,-102.86185,73.795135,154.78397,-67.442665,251.6233,150.01445,-144.98476,61.582607,142.90393,-84.091995,262.40775,139.41965,-172.80943,68.00339,139.59021,-89.68355,256.5564,137.36835,-163.95618,74.42242,143.63264,-69.97681,250.39362,140.54257,-144.80972,161.50566,400.3617,6.6153655,200.1601,397.9013,-6.860395,167.45319,504.65927,40.548676,215.40636,504.52338,10.509218,178.7055,592.68646,44.401405,220.24147,605.7809,17.760874,190.94054,630.4726,40.811638,218.78622,628.7766,16.178276,160.73076,608.76306,-8.183555,225.07484,601.7496,-30.153345
025.png,161.66237,229.90768,59.753437,158.78563,223.36781,41.190704,156.40392,223.30608,40.937466,154.13132,223.3301,41.019554,165.7456,224.46231,37.414066,168.18155,225.21565,37.15094,170.83083,226.01343,37.063957,149.78302,228.50775,-14.112516,173.5262,231.05006,-33.087902,156.73132,236.98895,49.36721,165.06938,237.96458,41.999046,122.56458,260.91382,-24.662958,193.36372,259.2332,-57.36806,86.51526,211.86867,-37.683544,215.44235,206.37846,-184.69536,54.27339,156.90254,-91.69838,232.17375,149.65668,-283.45312,43.42073,145.11334,-107.22424,243.26367,140.54495,-321.9915,51.083157,141.3142,-115.52893,238.54068,138.44165,-304.7106,56.857666,145.19714,-94.78738,232.92995,141.62238,-281.01053,143.69855,399.61948,14.493589,178.21237,396.99084,-14.740065,150.71361,503.32162,75.02526,194.09888,500.714,12.571443,162.3884,577.34784,90.36609,192.8814,592.81757,40.167736,172.17354,620.68414,86.63742,190.87416,617.42926,39.457996,161.80145,567.9765,31.202892,198.90663,580.6405,-12.834716
026.png,164.9833,231.78766,62.14,162.33678,226.90149,45.212772,159.88321,226.70343,44.98703,157.56499,226.45172,45.051712,169.17746,228.36299,41.14037,171.57623,229.17818,40.908848,174.12193,229.95473,40.835766,152.42058,231.7623,-6.1523147,176.13048,235.87411,-25.580969,159.23291,237.7136,52.458485,167.40823,239.00967,45.069107,121.95622,259.87695,-24.198793,190.996,262.28568,-53.32829,87.826225,212.498,-56.31321,213.56908,207.03386,-157.99568,55.965748,155.8584,-109.045525,231.86063,148.8664,-234.04109,43.225937,143.51414,-129.27023,243.09476,138.8969,-268.9058,50.12511,138.69243,-133.27003,238.2807,136.76712,-255.24603,56.44152,143.68854,-111.29373,232.1684,140.10652,-232.96548,137.11472,396.67465,10.99645,175.61514,396.59558,-11.234305,142.6991,494.9379,48.918835,183.27098,497.18094,9.023852,149.61697,574.51666,62.83113,180.14053,589.6057,35.072987,157.25525,616.3542,59.726055,177.06905,613.4928,34.91488,134.66165,586.0477,7.64097,186.42332,579.35876,-14.212006
027.png,160.6718,235.31209,71.87923,159.61931,230.33502,56.643627,157.73051,230.10564,56.40111,155.76286,229.8612,56.473057,165.86086,231.37787,50.88056,168.4511,231.95094,50.65248,171.29163,232.51524,50.58347,150.48303,234.9024,10.626988,174.29176,238.47188,-16.89225,156.59258,240.7928,63.83257,163.64948,242.59485,54.15188,120.00504,261.25476,0.11543468,185.15698,264.39996,-58.519115,87.20854,213.82666,-36.98546,208.9603,209.6105,-206.56279,53.821163,157.46269,-94.67308,228.1796,152.1199,-328.81033,40.534073,147.27936,-116.0936,239.32307,141.97578,-371.96463,47.652905,143.38177,-119.10909,232.38844,139.81963,-354.075,53.49631,146.25742,-96.914314,225.59892,142.92232,-327.2736,136.12686,399.24628,23.426502,171.90659,398.36948,-23.684517,142.62753,503.0165,70.878784,183.36172,504.6834,-6.575834,143.35892,587.5575,77.212036,186.06525,588.8448,2.7093577,145.48682,603.91425,72.70616,181.82521,604.8362,0.45005265,146.28929,579.77814,14.3214,188.40195,581.6051,-61.2856
028.png,163.20462,231.35814,65.13627,161.44237,227.04353,46.6451,158.91284,227.08401,46.427746,156.53554,227.0922,46.479008,167.83488,228.04025,43.66687,170.22484,228.80919,43.42774,172.75998,229.49129,43.34989,151.8505,232.66737,-9.785472,175.56673,235.16867,-24.057636,157.60883,237.76056,53.83099,165.44139,239.0679,47.909264,122.67499,257.84424,-28.578506,192.70158,258.63007,-49.575188,90.49522,208.98915,-58.155125,214.98413,206.7696,-139.72469,60.905613,155.05801,-111.871185,237.47824,148.92386,-203.21039,48.706215,143.56421,-130.7694,247.97052,139.44408,-235.0989,55.107613,139.34361,-135.41414,242.61984,137.1832,-223.6403,61.734657,143.3578,-114.1809,237.33638,140.2886,-202.55774,140.50119,396.90515,7.3379793,177.01543,395.10538,-7.582107,149.95975,494.00955,38.470978,184.84601,495.07883,7.3868785,161.45078,571.04114,47.379562,189.21854,591.42487,20.853039,169.05536,614.43005,44.142044,187.64705,614.3563,19.4755,147.18604,588.3385,-3.549112,194.40678,585.2967,-27.529814
029.png,155.96185,235.5768,84.07392,153.5862,230.16228,65.419815,151.17134,230.07426,65.21592,148.74864,230.03554,65.27141,160.94775,230.98503,61.746845,163.74936,231.53499,61.498997,166.76376,232.12227,61.41155,144.0848,234.78595,7.0465794,169.39893,236.92339,-10.767454,151.08513,241.30132,72.13404,159.75311,242.37393,65.20013,116.755646,261.20773,-12.016843,187.50879,261.09406,-44.735893,85.32618,211.49922,-37.59542,210.38116,208.96912,-135.76155,56.15694,157.60185,-82.85084,231.58524,152.64737,-196.09903,44.58404,145.81657,-100.19111,241.14922,140.91939,-227.92493,49.68797,142.2638,-104.99301,235.92416,138.79984,-215.80563,55.75337,146.51155,-85.23706,230.7293,143.04942,-195.13646,132.35367,401.3322,11.270143,170.04509,400.9044,-11.513757,127.53345,503.5592,47.325294,176.04121,503.55606,5.359344,139.79692,601.75446,56.35012,174.75775,597.57446,25.042038,147.99417,622.8365,53.34712,171.93214,619.89014,24.852404,120.35493,594.7247,4.611293,181.54268,590.92596,-20.208387
030.png,156.28583,230.81569,52.02295,154.16072,226.01292,32.625305,151.8423,226.10904,32.42144,149.49364,226.21254,32.467663,161.01997,226.35516,30.11443,163.58687,226.81442,29.875443,166.36873,227.2856,29.809612,145.05551,231.72734,-24.735497,169.74194,232.82315,-36.988396,151.55624,237.2013,40.438725,159.99133,237.96352,35.168106,117.797104,261.73825,-41.25059,189.58705,258.51477,-60.67484,85.79688,210.28616,-72.50498,212.05919,206.42586,-137.15533,55.79044,156.72624,-122.55293,232.83315,151.8329,-192.74512,44.088974,145.09625,-143.16844,242.87491,140.96992,-223.30357,50.22316,141.26424,-147.43855,237.84055,139.09065,-214.6595,56.215378,145.32664,-125.12572,232.77977,142.95068,-193.10915,139.53886,400.84445,6.4610586,174.81198,399.15808,-6.6919174,148.92218,496.87656,28.527557,181.64986,497.16364,14.645524,158.80206,572.96893,28.209848,179.70924,593.4198,31.658918,166.82394,616.1651,24.276823,176.90257,615.05396,30.877045,156.73007,565.6953,-25.040197,185.97734,588.7676,-14.934238
031.png,200.85167,132.4039,-215.75163,206.1353,129.22363,-199.1897,209.06833,130.0967,-199.45863,212.78639,131.7502,-199.45343,196.63538,128.57521,-201.76006,193.74355,128.9302,-202.07477,190.69156,129.44035,-202.26895,214.1787,140.53825,-114.029945,185.13165,137.96097,-124.13749,206.60384,142.72758,-182.35736,193.72955,140.71396,-187.06636,236.58876,181.69841,-83.88166,160.41422,174.7602,-92.36455,277.71826,126.02466,-149.10188,116.251686,118.22008,-160.9927,304.00424,68.13836,-261.07413,96.62374,59.82541,-256.64047,314.1175,59.14704,-288.72214,89.45011,50.09167,-289.33096,312.40543,55.245174,-304.45084,93.258255,47.07433,-298.95657,307.05182,58.24704,-272.50677,97.47483,50.854168,-267.5364,216.68529,309.87686,2.7714925,169.47171,308.27698,-2.9904761,230.5667,415.52066,0.784091,140.38255,416.28827,-11.448845,238.00726,501.61478,118.500626,123.76542,502.474,81.91755,234.80246,510.17963,123.82587,129.06541,509.453,86.47307,246.09712,536.4629,17.598423,111.96461,535.57117,-19.168625
032.png,186.22559,139.36728,-221.32614,190.7854,135.16656,-205.87616,193.6131,136.04196,-206.14775,196.71008,137.16364,-206.12585,181.93498,134.91058,-208.60066,178.77318,135.57518,-208.90971,175.79288,136.2114,-209.0867,197.64206,145.71704,-125.216896,169.37395,144.812,-136.31358,191.58961,149.81033,-189.61145,179.96259,147.84486,-194.60173,222.46812,187.18208,-89.148254,147.43336,184.27754,-108.319,267.37143,136.88829,-142.60991,103.94278,127.76852,-180.19002,290.95224,80.202255,-244.44562,87.48965,69.97987,-280.99255,299.607,71.336945,-269.55582,80.661415,59.129436,-315.22205,297.5652,67.60285,-285.27283,85.41405,56.237503,-323.13483,292.452,70.445885,-255.18027,89.73483,60.853615,-291.32004,203.72238,313.14084,9.651799,158.7296,311.74774,-9.864027,212.13339,419.99744,23.332043,129.96654,414.9467,-11.751317,216.86722,500.90073,139.19525,109.58333,502.98456,72.10096,212.50218,509.15387,144.15831,112.2535,509.84476,75.27081,225.70123,537.26807,34.770626,105.27593,536.5006,-39.63187
033.png,178.4488,202.99353,-56.15593,183.52731,199.99786,-39.762634,186.55379,201.51134,-39.972504,190.14035,203.60524,-39.980793,174.95633,199.08577,-42.65282,172.36255,199.6616,-42.966152,169.3978,200.54094,-43.148582,191.00151,212.17155,28.545898,163.11205,209.42006,16.74295,183.97609,213.40918,-29.826523,170.98111,211.13737,-35.154686,212.7333,252.75067,32.53466,138.43289,247.17903,20.984287,253.02792,199.45308,-24.266977,98.58635,191.65543,-43.438564,280.09128,143.84581,-133.93158,75.619286,136.86992,-131.43913,290.72748,135.07608,-157.3668,69.13243,126.11503,-160.56314,288.78064,131.46411,-173.22563,72.75715,122.49536,-170.49373,283.60406,134.59207,-145.14085,76.827126,126.777534,-142.17572,193.73373,378.82858,3.705924,148.61201,378.0021,-3.9162154,199.14503,485.9331,-12.306804,130.29669,488.00702,-41.812565,196.74905,588.25323,57.523308,126.21501,580.429,30.132801,195.64511,600.9603,59.25177,129.03693,594.8255,33.821342,189.3874,609.7189,-22.760609,116.2521,602.51697,-42.078613
034.png,196.5398,178.70126,-85.15518,203.81662,174.90974,-66.83891,207.60794,175.95384,-67.060844,211.28505,177.48265,-67.05865,194.28938,174.64383,-68.274826,191.13368,175.26411,-68.60667,187.86052,175.80103,-68.81422,213.86328,187.71774,16.044804,181.0369,184.28305,10.799397,202.99925,189.46371,-52.768307,189.80183,186.66287,-56.361366,237.53096,231.87062,32.66988,152.4119,224.24358,27.103695,290.74332,176.46739,-29.46082,104.66881,168.60576,-41.083046,321.48315,108.35592,-157.45967,85.68392,105.14608,-155.03539,329.17807,99.014595,-186.43524,78.83901,92.35865,-190.646,326.03085,95.193756,-201.73134,82.44972,88.869804,-200.73405,321.43213,98.6143,-168.96611,86.10979,93.64907,-166.73082,213.76422,375.69824,2.161939,161.5726,373.45316,-2.3992798,221.3605,495.12033,-14.870728,132.8938,492.50516,-41.885975,224.86098,585.18384,92.11921,118.423805,592.5252,65.06013,230.04028,618.472,96.95479,121.76535,607.84357,72.02081,220.69728,632.89667,-4.4976964,106.364456,620.7482,-21.915775
035.png,204.12756,172.97899,-253.02051,209.42236,170.03613,-237.09425,212.35707,170.94737,-237.36963,215.4826,172.39624,-237.36508,200.28397,169.60553,-239.60492,197.42366,170.17142,-239.90984,194.37146,170.95213,-240.11699,216.65088,181.5645,-151.29005,187.90605,180.0694,-161.13501,209.98317,183.23306,-218.95288,197.09402,181.49367,-223.62589,240.90923,223.21,-112.82296,163.88727,217.32776,-126.609406,283.96844,169.21663,-171.3984,122.42146,162.50865,-197.83046,313.15387,111.318855,-290.3997,103.43614,104.74497,-309.08905,323.8677,101.20578,-320.82608,96.7755,93.642746,-347.76083,320.43903,97.289566,-339.4272,101.53888,89.450035,-357.50455,314.57364,101.31539,-302.98453,105.68678,94.048,-320.43304,220.5404,350.26312,5.2792087,174.19016,347.50024,-5.489038,216.77304,461.22952,25.414637,152.75262,457.7394,-3.9116256,213.81343,547.454,153.75247,143.44405,542.31116,101.70463,211.25674,554.3284,159.60207,146.60188,550.56464,107.26272,210.17554,581.9525,47.325424,132.5899,575.0094,-3.1164317
036.png,198.83421,163.63947,-202.58226,203.97778,160.82832,-186.33212,206.79092,161.82344,-186.59929,210.01062,163.46039,-186.6021,195.00406,160.23793,-188.8415,192.06804,160.75883,-189.15022,189.03214,161.45987,-189.3516,210.96452,172.06445,-103.753334,182.95802,170.26103,-113.663284,204.02232,173.94945,-170.07835,191.42818,171.79832,-174.74046,233.79965,211.14824,-75.368835,158.51903,205.83908,-83.23456,274.9995,157.21165,-135.49088,115.95307,150.37018,-154.449,302.04504,100.80051,-241.09132,97.84249,94.43823,-254.8799,313.7387,90.2269,-268.08765,91.47637,84.442245,-287.89685,310.8298,86.530525,-282.76596,95.65886,80.408264,-296.71683,304.6633,90.87678,-251.90894,99.67848,84.762794,-265.4359,212.56128,338.81848,3.042031,166.4146,335.8965,-3.2410464,217.93515,448.6124,-4.2983093,139.41693,441.00833,-19.42565,220.03781,532.21204,105.959274,122.8012,527.78723,75.09268,216.52391,539.27264,110.49512,126.60037,533.5274,79.757484,225.35275,561.7589,2.195424,112.45931,558.39044,-25.49741
037.png,183.01639,159.51637,-191.31612,188.15517,156.30797,-173.96832,191.27814,157.5658,-174.2349,194.65678,159.41441,-174.24231,179.50662,155.15126,-175.71744,176.61981,155.55669,-176.02785,173.4431,156.21397,-176.23013,196.20604,167.88774,-89.84432,166.93571,165.03633,-96.2253,188.51743,169.76817,-158.6055,175.52463,167.4245,-162.30515,217.89737,210.62143,-68.301865,142.00574,202.92488,-64.92001,260.431,152.29865,-130.29626,99.63847,149.06654,-135.81898,288.48782,94.92904,-236.83058,81.34187,90.440704,-235.18684,299.70148,86.144936,-264.27847,75.55535,80.88044,-267.78378,297.52426,82.2541,-277.9864,80.58413,76.78753,-276.40155,291.83957,85.42033,-247.1758,84.23314,81.046936,-245.78372,197.30406,338.38467,-1.6527138,150.59772,335.29626,1.436984,206.26543,448.7308,-15.678794,123.98775,441.64932,-17.510328,209.58667,535.38,117.10501,108.974754,525.7809,105.53779,206.57724,542.281,124.65354,114.45914,530.9269,113.901306,214.45262,568.92145,23.429916,96.55381,557.2484,19.814196
038.png,187.2914,141.92046,-149.17845,194.82567,138.58305,-135.14795,198.2091,139.98958,-135.38943,201.77835,141.97865,-135.38913,186.65683,138.41379,-134.96474,184.10039,139.05508,-135.29012,181.54813,139.61444,-135.49191,205.55856,153.3779,-66.92766,177.30794,147.11206,-64.83807,192.5212,152.83472,-122.44512,181.1429,150.00334,-123.66178,222.06389,195.51744,-53.33996,147.26627,184.47385,-41.36532,267.88962,137.13474,-121.35387,106.473694,131.2381,-103.12778,299.81772,77.067535,-226.53355,91.45244,72.62311,-190.24243,309.4051,68.85424,-252.8946,85.616974,63.98027,-218.1039,306.81897,64.17118,-264.79987,89.358894,61.125687,-227.27141,301.93112,67.30747,-236.25519,92.76289,65.21839,-200.48686,194.89218,322.15424,-5.918112,149.21542,318.0104,5.6975136,206.68507,433.54517,-18.174517,121.44722,424.7878,1.4425799,213.37694,530.7829,68.489555,106.14873,502.5421,113.3125,210.546,538.1306,71.54128,110.23229,508.5242,121.19874,215.20139,572.4526,-30.246632,92.570366,537.1999,37.106018
039.png,186.71498,138.09764,-126.96237,194.04272,135.72226,-113.04657,197.64658,136.7283,-113.2747,201.08179,138.38116,-113.26489,186.05775,135.81586,-112.23541,183.42542,136.4126,-112.541885,180.86794,137.07634,-112.72441,204.0543,149.62268,-47.843163,176.53342,145.20483,-42.8836,191.8413,147.62079,-101.65117,180.80708,145.47449,-102.001625,222.53046,189.57072,-37.509018,147.63579,180.42848,-21.396946,267.16617,136.58287,-104.652374,106.164055,132.06168,-83.42694,295.96936,77.80542,-211.4957,90.22516,75.346275,-173.25311,304.30057,67.571205,-237.91911,83.04372,65.786285,-201.29662,301.36185,62.596806,-249.33873,86.41349,62.97197,-210.61955,296.4212,66.56935,-220.80441,90.21455,67.33948,-183.6748,197.3166,316.40665,-5.75503,151.73209,312.9677,5.531084,208.97543,424.59625,-17.66901,124.19834,419.775,-7.876244,217.46535,518.2697,73.17935,109.227684,497.02237,97.93435,214.80765,524.9077,76.41547,113.22263,502.78275,105.0025,218.69983,557.6799,-26.629719,95.25988,532.315,18.003622
040.png,177.72609,130.78085,-164.7369,185.5041,127.77082,-151.45943,189.12663,129.07387,-151.69064,192.6129,130.86804,-151.67355,177.61961,128.01968,-148.37646,175.21765,128.99344,-148.67676,172.61331,129.79305,-148.84802,196.75264,141.58305,-82.01758,170.19353,137.708,-66.658875,183.20216,140.3797,-137.30334,172.27603,139.06708,-134.66937,215.05745,183.08424,-64.765884,141.48848,174.37157,-32.151188,259.194,127.37433,-135.95999,98.00901,125.94206,-93.274445,289.8244,70.309944,-249.68922,84.18571,68.9906,-198.83873,297.8894,60.58659,-280.19754,78.284485,59.44184,-229.94159,296.28125,55.47591,-292.07626,80.894035,57.066544,-241.43797,291.41724,58.810318,-259.39444,84.11949,61.049133,-210.65837,192.23602,308.82587,-8.663402,147.01297,306.9365,8.450121,201.71396,415.02103,-12.57641,126.59539,413.97952,0.5698585,210.14844,508.94904,95.70561,116.21357,496.1108,117.18809,207.4299,514.7012,99.81594,120.28264,501.97183,124.67136,210.28406,543.53723,-15.217264,107.06385,533.62726,23.641768
041.png,167.37238,135.56332,-173.28139,174.45848,132.0862,-158.78119,177.78186,133.18164,-159.03973,180.92,134.5236,-159.02953,166.9465,131.54951,-157.48917,164.8032,131.87868,-157.81598,162.567,132.14517,-158.01303,184.91571,144.69852,-87.84922,159.13098,139.49863,-80.51695,172.29802,146.41528,-145.5739,161.39867,144.55914,-145.36522,205.40703,187.53777,-75.86146,130.05771,178.59836,-47.745922,247.6274,128.98227,-145.0882,89.81555,128.63193,-103.92837,275.63965,67.775314,-255.94049,70.46305,71.65446,-194.13614,285.274,58.012722,-284.27353,64.45839,61.78882,-222.29701,283.14786,53.11377,-298.3523,67.98723,58.51719,-234.09398,277.70358,57.442482,-266.5361,71.55515,62.72171,-205.76305,181.38219,313.59198,-10.574399,136.51216,311.40555,10.378186,202.03336,418.61438,-18.098085,107.75895,413.03604,11.419303,216.80208,510.20685,79.38812,94.34303,489.95468,125.184395,214.74442,519.2032,83.04167,98.80968,498.9303,132.39584,216.8181,544.3782,-21.776817,78.44106,525.6351,44.093464
042.png,158.7084,141.56181,-155.62958,164.66748,138.47557,-140.2232,168.1527,139.6817,-140.46661,171.66031,141.12813,-140.46599,157.80582,138.12949,-140.63713,155.70932,138.63586,-140.94681,153.38643,139.13272,-141.13538,175.80887,151.3007,-65.83071,148.69463,147.19266,-66.41113,162.92065,152.65677,-126.62662,152.91411,150.85257,-128.64798,195.94592,192.35953,-48.204437,120.916916,186.56151,-39.68506,238.48656,135.99379,-113.014084,77.029816,136.4297,-105.30646,264.82483,75.18412,-227.32768,57.475918,78.533676,-203.1363,275.3041,65.30059,-255.94363,50.332165,68.79965,-233.63345,273.70483,61.272415,-269.70197,53.918518,65.26777,-244.24359,267.99167,65.3066,-238.00865,57.71552,69.23459,-214.42854,175.76894,321.43533,-1.5080439,129.34291,320.87857,1.2979968,193.85233,434.2838,-5.703509,104.16827,431.98923,-10.969626,207.28276,528.07654,90.04978,90.988365,517.824,90.914635,205.58754,535.38464,93.125244,95.429634,525.8525,96.87613,211.60161,559.90137,-17.406168,80.050385,550.3422,-1.2515309
043.png,179.45175,145.71107,-183.50813,184.2763,142.3439,-167.27242,187.63863,143.52437,-167.53911,190.80583,145.14714,-167.53426,176.37898,141.35223,-169.05939,173.5175,141.79564,-169.36778,170.5247,142.38321,-169.56018,192.74974,153.59325,-87.42627,164.16669,151.19736,-93.9835,184.49113,155.83675,-152.36542,172.48848,153.75655,-156.08914,215.6473,194.37802,-64.96343,139.529,190.58601,-65.31329,258.26373,142.22298,-129.31773,94.66055,134.07004,-133.19777,283.69193,84.931725,-242.02031,76.11645,75.25296,-231.29288,293.17557,75.63614,-269.4138,68.07831,65.08275,-262.8147,291.451,71.68258,-284.51132,71.836754,61.167095,-272.87756,286.0731,74.88045,-253.08069,76.30026,65.749306,-242.45093,197.69507,324.02905,2.6703916,150.50906,322.52823,-2.8872685,211.74266,429.00735,-1.4083148,120.48846,427.9362,-14.449564,221.16672,514.8191,121.37501,102.36348,514.95135,75.891884,217.11143,522.6018,127.4421,106.80443,522.134,80.14853,225.12,548.25494,21.794064,91.37942,549.0007,-25.922695
044.png,186.35945,140.95535,-185.1352,191.13983,136.88745,-169.8198,194.31717,137.68452,-170.07883,197.66261,138.62672,-170.04927,182.36948,136.6931,-172.41655,179.01657,137.42064,-172.7252,175.92796,138.2139,-172.90782,198.74371,146.62125,-93.62839,169.81151,146.29662,-104.06194,191.8531,150.5118,-155.4033,180.44733,148.55649,-160.22029,222.30627,189.21379,-63.04964,148.53285,183.54167,-83.52703,265.868,136.54427,-114.65091,108.690475,130.97505,-153.673,289.43536,79.75228,-216.88731,88.92651,73.459724,-250.89836,300.81815,71.06692,-240.33096,82.24874,62.021553,-283.46194,298.3424,67.12306,-257.52023,87.48457,59.427734,-291.98367,292.01385,69.84427,-228.1467,92.05909,64.67511,-261.33856,204.54533,315.05765,9.675115,159.89943,313.70325,-9.890031,212.15321,420.69147,24.819475,131.18858,414.17084,-8.684678,216.26111,505.98215,113.726494,112.12597,503.86008,57.725594,213.46352,514.46466,115.73213,113.42481,512.11755,59.097107,222.22359,540.27856,2.8579223,109.18248,537.80554,-55.20598
045.png,165.62979,181.58836,-160.4444,170.60045,176.17804,-144.04791,173.33455,176.93416,-144.28308,176.53862,177.87688,-144.25648,161.91988,175.5677,-146.52278,159.09744,176.05429,-146.80745,156.11157,176.70746,-146.96587,178.39597,183.43546,-66.568146,151.47615,183.65382,-76.2847,171.40549,190.11136,-130.39624,159.95825,189.12677,-134.95247,200.63225,222.3039,-46.214638,132.02507,220.97719,-55.814445,234.66356,171.03198,-117.81864,99.38235,169.8739,-119.58416,258.60352,121.16157,-231.12238,76.427025,117.737885,-206.17363,268.44775,112.7873,-257.0998,69.43309,107.87299,-235.01645,266.6081,110.04844,-270.7964,72.59406,103.9496,-245.05624,261.6245,113.166245,-241.48645,76.47426,107.97046,-216.73154,183.03403,339.09583,5.4395614,141.79593,335.96268,-5.6251554,174.41026,438.4074,12.139338,131.85329,435.41913,-19.079515,166.85333,522.35254,91.87785,128.04036,517.5228,53.236374,161.83615,530.2734,93.80045,132.13835,525.21466,56.002884,166.63184,550.9901,-1.675082,129.01756,544.2487,-38.76636
046.png,170.01367,180.70715,-165.03311,175.11111,175.10484,-150.53981,178.00816,176.15068,-150.79897,181.07222,177.16728,-150.78062,165.81274,173.63058,-154.4593,162.92023,173.71843,-154.74861,159.6816,173.99307,-154.9247,182.71606,181.96146,-78.839355,155.02837,180.24416,-94.76074,175.1687,189.18954,-136.57013,163.28609,187.54247,-142.96451,200.50104,218.41046,-60.435265,135.4527,214.9241,-76.56639,230.67041,166.97896,-122.278145,106.81985,165.16919,-149.88754,256.70016,117.04513,-221.70955,80.334435,113.59308,-230.8521,268.01324,107.73103,-243.11525,73.433235,103.857414,-257.89996,266.27206,105.353386,-258.66934,76.09661,100.63932,-265.98254,260.86444,108.96686,-232.14912,80.19031,104.63893,-240.34593,186.05266,336.0586,4.460685,146.36685,334.16727,-4.633648,181.95091,429.29306,22.2263,139.01495,428.69098,-18.116673,176.51344,508.1457,96.492004,139.75581,511.1502,47.374035,172.42937,516.24817,98.30803,144.43068,521.3179,49.91087,174.74095,538.77496,22.858612,135.46034,534.8467,-24.534008
047.png,170.1306,192.86974,-162.38832,175.90277,186.55255,-148.31137,178.88864,186.91046,-148.54994,181.88004,187.47066,-148.52728,166.69028,186.14087,-151.46172,163.80496,186.09865,-151.7318,160.33946,186.16576,-151.87927,183.49663,190.57861,-76.38675,155.41951,189.65865,-88.96843,175.452,200.86206,-133.61754,165.21278,198.92278,-138.96483,200.99643,222.29549,-58.20773,137.22014,219.91298,-72.94353,232.296,170.94026,-137.8089,109.66236,169.65785,-146.8859,257.65463,123.15233,-241.41942,83.62692,118.57259,-220.97862,268.2782,112.65498,-264.3228,76.9744,108.43053,-246.44142,266.56537,110.39638,-275.97144,79.20273,105.43109,-253.70142,261.85916,114.63461,-250.7095,83.62727,110.25143,-229.97859,184.72127,337.82834,5.6536365,145.18869,335.50668,-5.833311,177.76782,431.23892,13.621977,134.92834,429.01324,-23.396069,171.69316,507.8065,93.37077,131.45819,505.6395,53.162533,166.9258,513.8923,95.97958,135.55443,513.2551,57.11983,173.59293,538.7123,19.234884,126.39508,533.45935,-18.360338
048.png,173.86212,167.39915,-119.5996,179.38303,162.47217,-105.925354,182.17468,163.54451,-106.15664,184.95557,164.47417,-106.12504,170.1608,161.2934,-107.86434,166.84096,161.74747,-108.14196,163.56883,162.37927,-108.2716,186.64572,169.09033,-40.106842,158.94606,167.81737,-47.104717,179.21848,176.62997,-93.342896,167.93701,175.28708,-97.16136,205.70102,206.09267,-28.086048,140.1638,203.29063,-27.732533,238.13802,158.42117,-94.96381,109.59897,151.93086,-84.4144,263.24963,109.61571,-198.55203,85.13579,98.70943,-156.82738,273.66675,100.14945,-222.13222,78.03931,88.423325,-180.09958,272.11127,97.45582,-234.87985,81.087105,84.44062,-190.47491,267.19623,100.90168,-208.0557,85.11127,88.90197,-166.9547,187.31148,323.90088,0.29104623,148.29054,320.83655,-0.49668905,179.26701,420.27866,8.703149,137.9811,415.54532,-7.355736,169.91335,502.88635,82.90178,135.20695,496.40527,67.06643,166.1589,511.77734,84.75843,138.37024,503.75543,70.66765,169.39668,535.7387,1.2134587,130.82361,521.36743,-9.165106
049.png,176.25748,166.53113,-164.61404,181.33954,159.43326,-152.44374,185.0285,160.03777,-152.68282,187.79364,160.71994,-152.64973,172.79907,158.85072,-154.7813,169.57509,158.782,-155.04834,166.54955,158.9369,-155.18117,190.24425,165.25232,-86.50375,161.91629,163.36543,-95.83243,180.76085,175.02289,-137.73611,170.5313,173.12271,-142.12378,206.8206,199.29008,-63.24508,142.70334,195.02968,-78.28982,242.58878,148.70728,-135.36974,111.2124,143.01447,-150.99431,269.36124,97.06267,-235.79376,89.81657,92.416176,-233.56094,279.57565,89.33995,-259.40573,83.51509,83.01237,-260.0949,277.8187,87.42657,-271.18134,87.19886,79.36958,-267.7964,272.48114,90.6415,-245.02448,91.074356,83.44704,-242.88039,188.78043,315.86334,8.837448,150.48354,313.99475,-9.0279255,179.53503,410.27603,22.777115,139.79892,406.0381,-27.933615,169.42009,494.3108,80.384636,136.2735,489.613,41.344692,164.6616,501.74597,79.982666,138.33722,496.64398,44.18853,169.34572,527.02185,-10.402553,135.42474,511.36154,-42.546062
050.png,181.27068,169.78377,-168.43222,187.63202,162.98201,-152.20476,191.423,164.11961,-152.45735,195.48303,165.2588,-152.45628,176.61673,161.48277,-155.97435,173.01242,161.7671,-156.29486,169.97922,162.0997,-156.49393,197.13576,170.21996,-71.375854,165.44466,168.00908,-87.25644,187.19795,179.69598,-136.31068,174.48636,177.86244,-142.73204,215.70099,211.05244,-46.275574,142.5284,207.66745,-68.34476,252.76357,153.52046,-111.0664,111.83536,148.97821,-140.55865,281.7068,97.57821,-213.59613,84.9674,90.01693,-222.68031,292.72012,89.82997,-236.01686,77.50663,79.76873,-251.21106,291.9464,86.57561,-251.06758,81.12375,77.2453,-257.60355,287.12308,89.12454,-224.46312,85.854195,82.23358,-231.75887,198.44702,337.12863,8.307996,156.45818,335.85886,-8.487509,196.67677,442.9376,10.5566225,147.00572,445.07486,-26.0301,186.87343,528.363,100.3154,143.20056,530.7444,41.8826,180.87196,534.8275,103.88251,147.70444,537.56824,44.745506,187.81071,556.4085,18.924261,142.34216,556.7657,-44.22707
051.png,347.87338,163.22491,-82.48223,353.75952,157.80444,-62.44951,357.6822,158.26833,-62.63838,361.1086,158.94551,-62.63929,344.33554,157.92621,-64.89982,341.72717,158.2334,-65.17065,339.1505,158.63351,-65.310326,363.12576,165.76982,27.20492,334.05624,163.9686,15.861205,354.5777,172.78989,-47.464542,343.14688,171.87672,-52.615005,380.71988,206.25552,37.09817,314.48953,204.14348,20.861782,390.328,134.98268,-22.068188,312.6032,136.70744,-52.481937,383.2509,67.99954,-88.5769,317.10843,67.93375,-125.08638,384.38425,55.052834,-115.48497,316.02762,54.345337,-158.20355,381.22955,55.450184,-118.20996,320.5718,53.877903,-158.37006,378.48486,58.343796,-94.12044,322.7382,57.143,-131.32448,363.85294,343.6655,11.897001,320.76276,341.3709,-12.054903,353.6012,454.46835,3.683718,324.3182,454.86874,-37.542793,339.45758,537.21936,144.08603,330.25174,539.79486,71.6137,336.5712,540.73096,153.07587,331.60422,542.6171,79.11734,330.0379,582.0892,42.572697,331.9102,581.69714,-36.92678
052.png,279.34808,164.48589,-60.320004,285.155,161.73433,-40.967525,288.55045,163.12514,-41.216465,292.27707,164.58801,-41.233433,275.70123,161.69623,-42.428547,272.71957,162.6804,-42.78999,269.59415,163.5493,-43.00138,294.13794,173.96828,38.549854,264.50177,170.9401,33.245853,284.83963,174.58678,-29.571861,274.01443,173.65273,-33.387035,319.26437,214.40617,32.96062,243.16956,208.7372,39.98588,354.67563,152.56966,-41.37091,202.5836,150.0166,-38.77658,366.2168,87.68145,-165.11758,191.3946,82.20272,-145.18958,372.77487,72.201355,-195.98053,183.72374,66.30538,-182.16682,365.819,69.51953,-209.17259,189.36894,64.527824,-188.91699,360.7759,75.44016,-175.40195,194.02615,70.538956,-155.91806,306.88705,367.0062,-2.592576,260.22208,368.08142,2.3948054,296.051,487.9541,-23.05172,264.3713,487.10168,-22.362946,295.3885,600.40796,75.350784,257.31747,591.82227,81.87561,298.0886,613.58954,79.53535,260.12927,606.4512,88.20982,275.46567,625.66473,-22.454693,253.18993,620.097,-4.8384595
053.png,280.57358,195.86235,-43.424744,285.7441,193.9359,-24.77941,289.23697,194.7552,-25.03894,292.61963,195.73146,-25.059368,276.86484,194.41982,-27.967722,273.93533,195.43082,-28.326403,270.8809,196.45683,-28.558962,295.35443,204.53748,48.735046,266.08234,204.1502,35.891983,287.2646,204.81152,-15.031159,276.91232,204.50305,-20.94217,322.40997,239.79733,41.266953,248.3926,235.8405,23.780666,349.09775,173.0963,-33.269917,214.53679,171.85085,-72.2503,367.34982,105.86644,-148.36694,198.08958,101.64372,-178.42006,376.68488,88.876884,-174.9833,189.44383,88.614815,-217.22717,373.427,86.70094,-190.50217,195.63243,86.057945,-220.47636,367.8718,92.77774,-159.60593,201.40892,90.7191,-187.77213,310.88443,397.64832,4.9402757,260.95673,399.0813,-5.1357427,301.6491,515.5593,-10.624304,262.848,512.5587,-37.35615,297.8862,621.387,97.34732,263.1239,609.8514,75.7014,299.83432,634.43933,103.46976,266.69604,623.9975,84.16216,279.39102,644.17487,26.223537,257.52078,633.61884,15.459976
054.png,241.67047,205.16518,-118.0021,247.63622,202.791,-103.78359,250.7855,203.61995,-104.063934,254.23627,204.54633,-104.08219,238.84535,202.7134,-105.28471,235.9686,203.28673,-105.64581,232.89255,203.73526,-105.87584,256.94537,212.74681,-36.746033,227.50032,210.52562,-42.311134,247.53242,214.0417,-90.76535,237.06398,212.7073,-94.52634,281.85208,249.66713,-30.39382,205.50163,244.00583,-39.268093,309.81528,178.10132,-96.0233,171.58192,182.75266,-119.29803,326.00583,112.30963,-205.1184,155.44095,110.9571,-224.79312,334.26422,96.2027,-232.84706,149.42226,95.42318,-263.44873,329.5984,93.56606,-249.41122,154.39532,93.38197,-270.26395,324.30005,99.47223,-216.44647,158.44304,98.63422,-235.4962,269.38757,405.2357,6.375826,219.40813,406.65463,-6.5598216,260.63013,515.95917,-2.0117326,225.5285,518.5021,-25.671587,261.5689,633.322,81.44963,222.55905,623.6731,72.76551,263.12146,648.30707,84.45732,224.11552,638.57983,79.13211,247.71936,657.62146,0.29564282,225.74042,650.3535,2.1048827
055.png,440.31723,221.69472,-149.9692,446.48123,218.23116,-125.13757,450.08832,218.7254,-125.425125,453.47864,219.48752,-125.42481,438.12836,219.01866,-132.66818,435.59073,219.90022,-133.03345,432.95618,220.76154,-133.24297,458.33008,228.85973,-25.416586,428.7246,228.54022,-59.303852,446.5883,230.21248,-112.199814,437.0277,230.40784,-124.320526,483.77643,265.55322,-6.0023,407.51477,264.93338,-67.51616,509.64008,198.79121,-29.410727,375.8838,201.09799,-152.77248,524.42706,128.91158,-115.79037,357.0466,129.75142,-242.5393,534.4006,115.51163,-136.072,350.35928,116.16593,-283.64874,529.82965,112.73017,-157.48149,354.3306,113.21115,-288.98337,523.9515,117.43503,-128.04393,358.3594,117.77257,-252.31978,473.28888,426.7112,24.557272,422.03668,428.60245,-24.817167,476.6121,527.7156,2.8560476,424.46286,533.91547,-101.49442,465.41086,610.5883,267.7146,429.22998,611.5889,173.9112,467.41376,616.382,292.37326,431.11743,619.20685,201.77986,444.02383,635.48486,255.19023,425.8718,638.73676,170.29204
056.png,480.78214,235.94925,-134.7072,486.32086,233.45044,-110.68623,489.51334,234.01964,-110.989685,492.72278,234.84492,-111.040665,478.31287,234.25682,-114.93437,475.80194,235.09622,-115.318474,473.19888,235.93361,-115.503944,496.85953,243.61655,-19.72486,468.4573,242.9458,-38.61332,486.2484,243.15578,-100.07737,476.89737,243.73753,-108.09056,523.2028,276.46808,-25.608313,445.17194,275.79236,-40.775993,550.73627,208.14656,-52.919777,415.62003,208.85023,-109.898506,564.8238,138.92207,-81.34874,397.33823,137.78285,-166.80841,575.6116,126.793434,-92.51966,390.5504,125.6278,-193.97156,569.99695,124.70139,-103.567566,394.92297,123.06342,-195.20041,563.6838,129.0501,-87.92896,399.08105,127.42051,-173.54298,510.19016,444.33722,8.462914,457.55643,443.5829,-8.754461,507.2154,543.9799,-119.62362,449.0408,539.29846,-166.29588,503.51154,497.86295,271.99475,477.0437,493.53778,217.28195,499.39328,484.06482,316.31433,477.8546,484.3386,262.68454,483.20956,528.19885,361.56598,482.19974,504.60568,314.1158
057.png,434.69293,227.40695,-151.50966,440.16437,224.10721,-127.256004,443.207,224.56209,-127.55871,446.2572,225.22253,-127.594765,432.24615,224.85545,-132.75772,429.64307,225.57474,-133.16118,426.9425,226.24028,-133.37112,451.1931,233.59634,-33.544964,421.4886,232.67984,-58.00299,439.73914,235.29913,-115.82003,430.57495,235.69247,-125.35965,476.2141,268.9116,-29.423288,399.35272,266.2257,-63.588654,503.5838,201.53818,-50.208294,370.54132,198.30139,-137.30333,519.4132,133.19283,-89.47294,353.1444,126.39874,-202.59286,528.81836,119.02723,-101.38415,344.39926,115.12584,-233.39693,524.7375,116.42898,-116.16386,348.91107,112.94774,-234.79343,519.35376,121.53579,-97.897095,353.86295,117.378586,-209.68217,461.08286,431.65244,9.848671,411.19962,431.9599,-10.169648,456.067,537.306,-74.359406,406.87836,531.2181,-100.48483,449.57156,496.49747,289.42877,427.76358,489.20038,274.63434,455.43414,511.42587,330.27896,429.56583,479.31238,318.55267,443.6327,511.27502,368.49396,428.47845,520.5979,368.25555
058.png,413.40704,228.81503,-97.13613,420.0599,224.22871,-74.48158,424.18542,224.43573,-74.74684,427.85678,224.88115,-74.79032,410.0029,225.15677,-78.29822,407.0268,225.81297,-78.67879,404.0694,226.40517,-78.89291,431.27097,232.89467,11.776476,398.91418,232.54166,-4.7757144,420.96204,237.26907,-64.334465,409.49228,237.08133,-71.518814,456.0908,269.80222,10.0729065,379.5023,267.7538,-8.69262,483.39572,204.6613,-19.991451,350.39914,201.66942,-68.77762,497.71274,135.97672,-85.35499,332.6811,130.37334,-141.20949,507.495,121.966125,-104.101685,325.38956,119.154015,-172.6246,503.348,119.09449,-117.45668,330.50293,115.99268,-177.10468,497.56125,124.30752,-94.03273,334.81738,120.40576,-149.72429,443.66367,432.10718,6.9175463,391.09238,431.3093,-7.1927056,438.40085,538.22955,-53.68439,387.17755,534.6985,-81.55479,435.46286,564.6827,237.8859,408.56824,485.97342,257.1099,439.08505,560.5715,269.60275,409.97556,476.2067,296.19354,419.0404,580.4872,276.53897,419.3761,518.7313,327.37653
059.png,455.66913,229.14328,-127.927284,461.47958,225.81111,-104.13088,464.79132,226.30473,-104.437035,468.27826,227.1374,-104.48475,452.2157,226.97855,-108.533676,449.3222,227.90706,-108.9197,446.34976,228.83762,-109.12994,471.69507,236.3789,-13.184899,440.8327,236.19743,-32.577656,462.2717,237.59134,-93.37201,451.38297,237.89127,-101.45956,498.01196,272.89673,-15.789589,420.88437,269.8138,-33.23745,524.3984,201.34972,-37.037464,389.0093,201.24495,-100.109245,537.33203,135.37291,-82.53262,374.073,131.64738,-171.00221,546.5514,121.507576,-97.87783,365.55917,119.68835,-202.39648,542.81354,118.819435,-111.494835,370.74048,117.5892,-205.44104,536.8717,123.84272,-90.71167,376.54227,121.984795,-179.01593,486.63324,433.57007,4.67995,437.21417,433.4779,-5.0010014,481.88327,543.87,-50.050488,429.9653,534.33295,-58.80012,478.09485,501.77338,317.19785,457.3,495.0446,310.4775,475.0209,487.66727,358.2274,460.12195,488.26105,353.3904,460.287,530.1093,390.81567,462.53012,523.18933,395.34106
060.png,436.67752,213.83138,-102.94795,441.82693,210.90457,-83.9408,445.22513,210.99312,-84.20169,448.94547,211.47713,-84.219505,434.13104,212.16614,-84.595604,431.96667,212.77728,-84.9498,429.47864,213.36983,-85.17034,454.98138,221.14316,-0.19630978,425.42264,221.36821,-1.8163085,443.55283,221.46481,-70.48587,434.61505,222.31529,-73.19659,482.48654,259.4036,-0.53998137,404.30304,257.7386,11.374912,508.82355,193.81522,-66.705605,375.86465,193.91052,-65.21086,521.786,127.36059,-187.97527,356.9386,123.94237,-187.55215,531.4321,114.133865,-221.19489,349.86874,112.94178,-230.10843,528.25543,112.13451,-239.22206,353.93204,109.872696,-240.46587,522.15,117.41617,-200.53346,357.76825,114.24139,-200.50084,470.29492,416.3273,-0.93280405,418.44388,417.86072,0.7495554,465.12274,523.89435,-13.565094,422.2046,529.5754,-26.464722,461.9323,658.4956,104.329506,415.6363,648.61383,79.590775,464.56183,672.34314,110.16695,416.2038,663.7009,85.71456,440.58118,683.65643,6.7952385,417.72665,674.59906,-14.422952
